"Total.Household.Income","Total.Food.Expenditure","Agricultural.Household.indicator","Bread.and.Cereals.Expenditure","Total.Rice.Expenditure","Meat.Expenditure","Total.Fish.and..marine.products.Expenditure","Fruit.Expenditure","Vegetables.Expenditure","Restaurant.and.hotels.Expenditure","Alcoholic.Beverages.Expenditure","Tobacco.Expenditure","Clothing..Footwear.and.Other.Wear.Expenditure","Housing.and.water.Expenditure","Imputed.House.Rental.Value","Medical.Care.Expenditure","Transportation.Expenditure","Communication.Expenditure","Education.Expenditure","Miscellaneous.Goods.and.Services.Expenditure","Special.Occasions.Expenditure","Crop.Farming.and.Gardening.expenses","Total.Income.from.Entrepreneurial.Acitivites","Household.Head.Age","Total.Number.of.Family.members","Members.with.age.less.than.5.year.old","Members.with.age.5...17.years.old","Total.number.of.family.members.employed","House.Floor.Area","House.Age","Number.of.bedrooms","Electricity","Number.of.Television","Number.of.CD.VCD.DVD","Number.of.Component.Stereo.set","Number.of.Refrigerator.Freezer","Number.of.Washing.Machine","Number.of.Airconditioner","Number.of.Car..Jeep..Van","Number.of.Landline.wireless.telephones","Number.of.Cellular.phone","Number.of.Personal.Computer","Number.of.Stove.with.Oven.Gas.Range","Number.of.Motorized.Banca","Number.of.Motorcycle.Tricycle"
392819,81659,0,36290,22868,10281,5971,1516,7200,2020,3900,0,10355,22944,6000,1597,2568,600,1575,12630,7170,0,307456,37,4,0,2,1,27,35,2,1,1,0,1,1,0,0,0,0,4,1,1,0,0
621850,194283,2,18544,11700,27270,15974,3811,7014,35140,846,0,31497,159708,120000,13496,22230,16194,0,28812,22500,0,0,37,4,1,0,1,206,35,4,1,2,1,0,1,1,1,0,0,2,1,1,0,1
121991,62240,0,16467,12309,4902,10346,2210,4487,15600,0,0,4240,8586,4800,2666,5274,2496,8390,5562,1000,13232,60106,55,3,0,0,0,25,20,1,1,1,1,1,0,0,0,0,0,2,0,0,0,0
164363,71216,2,23226,16030,9869,17001,2155,3290,1810,0,0,4715,18666,7500,122,4764,1320,3065,9402,600,0,6480,46,4,0,2,2,18,24,2,1,1,0,0,0,0,0,0,0,3,0,0,0,1
298640,50290,0,12789,7020,2548,18602,3026,5279,0,0,650,1770,24474,17400,215,4560,3000,0,5190,0,0,37200,51,2,0,0,1,35,14,2,1,1,1,0,0,0,0,0,0,2,0,0,0,1
182744,90726,0,29997,18100,5299,9466,1583,2339,19540,350,2172,4717,21510,10800,1186,1140,3822,460,11094,700,0,0,31,5,1,2,1,50,10,2,1,1,1,0,0,0,0,0,0,1,0,0,0,0
60950,32729,1,8252,6420,1380,3403,1865,5962,1100,0,0,0,13770,6000,0,360,306,720,1296,0,34745,34745,56,3,0,2,0,30,22,1,1,0,0,0,0,0,0,0,0,1,0,0,0,0
675258,104274,0,29203,17947,11400,13781,7438,9582,7920,0,0,22465,55170,15000,8753,16980,17442,61100,51900,10500,0,412000,48,3,0,1,1,24,5,1,1,3,1,1,1,1,1,2,2,1,1,0,0,1
113940,49155,0,17802,16785,9458,4744,905,3090,8000,0,0,3085,18510,3600,5000,17076,1440,1840,5544,0,38975,38975,21,3,0,2,0,80,22,1,0,0,0,0,0,0,0,0,0,2,0,0,0,0
76468,64029,1,18819,11340,17680,10260,3725,6670,0,1170,520,1425,7428,4200,20544,11022,780,1500,2010,0,62735,62735,69,2,0,0,0,22,12,2,0,1,1,1,0,0,0,0,0,0,0,0,0,0
146580,72304,0,20470,13480,10115,11228,668,5008,10692,0,21720,3310,11220,8400,36,13860,3744,2640,7536,4000,0,12600,43,5,0,3,1,39,8,2,1,0,0,0,0,0,0,0,0,4,0,0,0,0
507060,94260,0,28537,15028,20980,8647,1243,4627,13560,420,724,2475,62718,36000,848,23634,1200,24025,4716,11000,0,350700,52,4,0,1,1,80,14,2,1,1,0,0,0,0,0,0,0,4,0,0,0,0
122445,41789,1,15691,14040,8055,2472,920,2841,4410,0,0,740,17100,9000,120,2520,180,970,2454,0,74785,74785,32,4,1,1,2,20,4,1,1,1,0,0,0,0,0,0,0,1,0,0,0,1
330073,110322,0,16796,6660,32700,6230,1920,3497,26490,9724,11403,22824,53082,33000,2800,19080,13068,385,13014,21200,0,4250,41,2,0,1,2,42,3,2,1,1,1,0,1,1,0,1,0,1,2,1,0,3
270960,116759,2,37922,26788,23446,7754,1995,6006,10870,864,9050,7865,46860,27000,1467,57516,780,0,16122,2800,0,0,46,8,3,0,4,36,45,1,1,1,1,0,0,1,0,0,0,2,0,0,0,0
147117,60959,0,3390,1040,3510,2268,732,1627,45940,0,5430,4910,30498,0,510,8472,5046,0,19524,600,0,0,32,1,0,0,1,15,8,1,1,1,1,0,1,1,0,0,0,1,0,0,0,0
137625,38885,0,13884,9620,3984,3600,960,1400,3200,5720,6240,4400,24000,12000,200,600,5760,5200,3504,0,0,0,26,3,0,1,1,80,24,1,1,1,0,0,0,0,0,0,0,1,0,0,0,0
388799,104476,0,15956,9252,28495,17714,1795,7337,18322,1248,0,8853,43938,27000,2128,14352,2082,5700,21924,0,0,25587,40,5,0,2,2,63,14,2,1,2,0,0,1,1,0,0,0,5,0,0,0,0
444724,108960,0,24750,18916,8110,14764,2800,6060,33100,858,648,5580,58416,36000,200,8448,11400,0,8556,153000,0,56744,59,3,0,0,1,70,32,2,1,2,0,0,1,1,0,0,1,2,3,1,0,0
110971,63753,0,25958,19834,2370,7096,7205,5185,1300,0,0,200,24114,6000,0,900,1170,1120,3546,0,0,0,46,6,0,3,1,45,40,4,1,1,1,0,0,0,0,0,0,1,0,0,0,0
340295,124213,1,47340,33900,14080,11430,3900,2430,32450,3870,3702,15530,74400,51000,11200,6120,6498,10100,9996,18000,178670,178670,64,9,1,1,5,54,15,4,1,1,0,0,1,1,0,0,0,4,1,1,0,0
847608,131029,0,28832,17570,12280,15070,9875,13140,26835,1380,8820,24920,111318,90000,23110,18294,4878,12100,82350,100078,0,0,54,3,0,1,2,90,12,3,1,2,0,0,1,1,0,0,0,3,1,2,0,1
84173,76605,1,39862,36200,1470,11975,1135,6295,3780,0,5792,2505,13218,7200,745,5160,1488,1000,7470,0,64305,64305,38,6,1,3,0,10,2,1,1,0,0,0,0,0,0,0,0,1,0,0,0,0
104120,47498,1,16232,3000,1760,3454,871,2243,19400,589,4,1770,13272,9000,235,8760,600,350,4212,0,0,49740,64,5,0,1,1,32,13,1,1,0,0,0,0,0,0,0,0,0,0,0,0,0
252537,85907,0,25438,15600,14840,20188,3140,2306,3789,0,8145,2708,59376,36000,1096,30666,6762,24816,8544,3065,0,0,49,4,0,1,3,40,13,1,1,2,1,0,1,1,0,0,0,4,1,0,0,1
102920,65157,0,25250,13520,7250,6792,2450,5353,2488,1025,320,2045,4200,2100,749,2538,180,950,2532,0,0,3600,34,6,2,3,1,16,3,0,0,0,0,0,0,0,0,0,0,1,0,0,0,0
244393,126027,0,33021,28500,15452,17924,2330,8675,10150,0,10860,2898,37872,18000,3388,17442,1950,0,17724,6000,6700,23687,55,5,1,1,2,33,15,2,1,1,1,0,1,0,0,0,0,2,0,0,0,1
101922,56726,0,25315,21865,11534,2496,560,3907,2150,0,0,655,15156,8400,2331,11064,588,1960,10320,0,0,0,31,5,0,3,2,30,6,0,1,0,0,1,0,1,0,0,0,2,0,0,0,0
73014,35804,1,14357,10400,2603,9795,630,1704,700,855,0,1730,7278,3600,1734,1038,0,0,2178,3700,18609,30870,25,3,1,0,2,20,8,1,1,0,0,0,0,0,0,0,0,0,0,0,0,0
204335,131841,0,55386,49594,14650,14896,580,3839,10920,1086,6154,1758,26178,9000,10075,18522,5568,0,12210,0,0,0,46,9,1,2,3,40,11,3,1,1,0,1,0,0,0,0,0,2,0,0,0,0
1064600,305361,0,49140,19600,57218,28292,27703,20000,50725,4320,0,66100,96618,48000,27200,111702,32988,67300,57780,177000,0,486000,42,4,0,2,1,70,17,3,1,3,1,0,1,2,1,2,0,8,2,1,0,0
134298,126366,1,48011,38948,2380,22970,2705,5469,31760,0,780,6235,24660,15000,970,2772,1920,3050,12054,2000,104658,104658,40,8,2,4,0,34,30,2,1,1,1,0,0,0,0,0,0,2,0,0,0,0
144774,69796,0,31628,27584,7336,10278,2110,5275,2280,0,0,5689,52176,30000,650,10302,5022,18550,5448,2500,16520,96794,57,5,0,2,0,200,30,2,1,2,1,1,1,1,1,1,0,5,1,0,0,0
91907,68026,0,29678,26788,3900,7885,933,7085,5896,200,11222,9335,19302,0,518,4758,8526,317,7218,6700,0,1547,43,8,2,3,3,32,50,2,1,1,0,0,0,0,0,0,0,2,0,0,0,0
287475,149365,0,19663,14933,16415,6860,1635,4780,82145,1630,0,4830,70698,42000,3310,18516,2562,10250,16548,2850,0,0,39,5,0,2,2,15,15,2,1,1,1,0,0,1,0,0,0,3,0,0,0,0
383605,117835,0,31485,26236,42270,18640,2190,4048,6716,250,0,5070,65292,21600,1672,13548,5100,1250,10560,5800,83100,84550,58,7,1,1,1,80,20,1,1,1,1,0,1,1,0,0,0,3,0,0,0,1
63505,85064,0,26102,17678,14858,16567,1874,6267,3342,0,2172,1370,14046,4800,138,600,960,100,4272,0,13560,46192,37,4,0,2,0,26,7,1,1,1,1,0,0,0,0,0,0,1,0,0,0,0
148360,77933,0,19368,11060,9666,11175,1660,6277,12090,450,10136,2435,20820,6000,7343,5394,2808,0,4908,0,0,45060,66,3,0,0,2,80,20,0,1,1,0,0,0,0,0,0,0,1,0,0,0,0
321926,82018,0,17996,13321,5859,6356,765,1940,39000,1800,0,1450,46212,9000,1950,16200,2040,5695,33096,8500,0,18002,47,3,1,0,1,64,7,1,1,1,0,0,1,0,0,0,0,2,0,0,0,1
137208,72192,0,16520,13407,7576,7363,4015,4849,15210,0,1629,1080,20760,15000,230,1980,600,300,9984,1600,0,0,34,6,1,3,2,30,10,1,1,1,1,1,0,0,0,0,0,0,0,0,0,0
287035,126970,0,28247,21320,15678,7035,1605,16008,45240,630,720,5140,63840,39000,620,11898,2352,1880,16842,2000,0,0,36,4,0,2,2,40,14,1,1,1,1,0,0,0,0,0,0,2,0,0,0,0
1323460,217927,0,39757,22800,7123,7326,3110,4960,145590,0,0,9020,305478,240000,690,57852,37794,40000,38214,5000,0,73460,59,5,0,0,2,80,55,3,1,1,1,0,1,1,1,1,1,4,0,1,0,0
118418,77281,0,21362,14924,16200,11898,1572,2995,0,0,1040,1095,13698,6600,11200,4200,3000,0,2340,0,0,0,69,4,1,0,1,20,1,2,1,0,0,0,0,0,0,0,0,0,0,0,0,0
166435,65052,0,16895,13794,12610,10234,6005,6050,0,1621,3770,12080,30300,18000,1620,1992,2808,350,8076,2000,0,40200,29,4,2,0,1,150,22,3,1,1,0,0,1,1,0,0,0,3,1,0,0,1
47144,21564,0,11240,2100,1352,3140,380,1400,0,50,0,266,6048,3600,222,1602,552,0,1584,4500,0,0,28,2,0,0,2,14,13,2,0,0,0,0,0,0,0,0,0,1,0,0,0,0
44010,31675,1,9456,5210,5984,6390,2288,2068,420,405,0,630,5580,2400,813,2472,0,0,990,500,20430,20430,76,1,0,0,0,20,9,0,0,0,0,0,0,0,0,0,0,0,0,0,0,0
54706,11933,0,4559,3900,390,1450,605,390,1560,0,0,50,18312,0,6823,816,0,0,858,0,0,34500,73,1,0,0,0,18,15,1,1,0,0,0,1,0,0,0,0,0,0,0,0,0
99066,41653,0,13445,9991,6225,8454,1676,3026,1840,3120,0,0,49878,15000,7150,780,0,0,3762,1600,0,22500,66,2,0,0,0,24,57,0,1,1,1,0,0,0,0,0,0,0,0,0,0,0
149115,70986,0,23628,15450,7678,5392,1055,3452,16860,1215,0,2320,25350,15000,105,1248,4698,190,6378,4100,0,23400,39,4,0,2,0,20,17,1,1,1,1,0,0,1,0,0,1,0,0,0,0,0
207763,66989,0,27058,23950,6076,12462,666,3050,2900,0,0,4225,43536,33000,706,10644,330,24010,9738,3176,0,117682,71,6,0,2,0,32,13,0,1,1,1,0,1,1,0,0,0,3,0,0,0,0
159510,86057,1,58000,51552,4980,6266,970,3443,3900,480,290,2243,13638,7200,217,2718,480,1850,3060,810,42110,42110,52,7,0,3,4,18,27,1,0,0,0,0,0,0,0,0,0,1,0,0,0,0
140918,47297,1,17735,15973,2196,8655,1241,5214,7370,0,1212,575,15690,8100,310,3396,1128,2500,18210,7000,116029,116029,61,4,0,1,0,38,25,1,1,1,0,0,0,0,0,0,0,1,0,0,0,0
164238,83522,0,15665,6916,8268,6276,1738,1916,37660,1240,5973,4319,36570,30000,653,10878,3486,725,8898,0,0,61038,35,2,0,0,1,50,19,2,1,0,0,0,0,1,0,0,0,2,0,0,0,0
55370,31996,1,16921,14242,2742,3281,2163,1940,575,540,13394,610,10008,6000,8000,288,0,295,1716,0,21585,26535,63,3,0,1,1,10,1,1,0,0,0,0,0,0,0,0,0,0,0,0,0,0
95530,67688,0,28642,26000,13429,5024,850,4079,3492,1335,1690,3660,22248,15000,126,972,480,450,4866,1000,19350,19350,39,6,1,3,1,20,4,2,1,1,0,0,0,0,0,0,0,1,0,0,0,0
98610,83770,1,12440,10140,425,63705,470,1847,0,0,5565,1945,16308,10200,175,840,240,300,3450,0,0,82018,35,3,0,1,0,32,2,1,0,0,0,0,0,0,0,0,0,1,0,0,0,0
73546,41952,1,26883,24516,2016,4141,696,2682,0,330,3900,665,6120,4800,72,1080,312,250,2724,0,16730,16730,42,5,0,3,0,12,1,2,0,0,0,0,0,0,0,0,0,0,0,0,0,0
132774,55630,1,24314,21840,5162,7269,1100,3958,8885,878,0,2945,11238,5100,818,10056,1428,8425,4728,5000,58232,58232,42,5,1,1,1,35,1,2,1,1,0,0,1,0,0,0,0,3,0,0,0,1
200205,126275,1,57280,52128,11280,9030,2179,5217,21395,1092,390,5346,32286,18600,2362,7596,4158,23562,8400,11500,0,0,50,9,2,0,3,60,13,3,1,1,1,0,0,1,0,0,0,2,0,1,0,0
210660,105301,0,25599,20634,8734,3435,1540,2426,42070,3186,0,5770,37470,24000,618,12528,2940,1300,11520,3000,0,33720,40,5,0,2,1,90,18,2,1,1,0,0,1,1,0,0,0,3,0,1,0,0
398658,225000,2,35036,25744,66568,36808,2640,9409,51780,780,8326,2140,60300,30000,1230,41868,4680,31250,33678,5750,0,0,69,11,2,1,2,32,35,0,1,1,1,0,0,1,0,0,0,3,0,0,0,0
106392,56930,1,25196,20202,1700,13368,3552,4495,2150,0,0,1885,7680,4200,225,3690,990,700,4578,0,71212,101212,57,4,0,1,0,7,16,0,1,0,0,0,0,0,0,0,0,1,0,0,0,0
131515,54413,1,16186,13266,10318,4768,1215,4425,13260,1305,0,2100,18558,4200,320,3000,210,5285,4692,300,14880,14880,42,4,0,3,1,20,17,1,1,1,0,0,0,0,0,0,0,1,0,0,0,0
245605,90923,0,35874,28080,12128,13112,725,4882,3920,2130,9955,4679,9942,3000,770,5946,780,440,4638,1000,0,224000,38,7,1,2,0,100,15,1,1,1,1,0,0,1,0,0,0,1,0,0,0,1
164775,78944,0,15921,12870,5457,8928,4841,7583,16700,2086,2896,3683,22812,6000,2793,8646,2952,9100,14502,8650,0,32358,53,3,0,0,1,55,1,2,1,1,1,1,0,0,0,0,0,2,0,0,0,1
139106,81012,0,32167,26320,3850,10171,890,5542,260,210,0,2797,38370,12000,720,11022,1872,7070,5652,0,0,123117,43,6,2,2,0,40,1,3,1,1,0,0,2,1,0,0,0,2,0,0,0,1
127064,37164,0,8545,7100,4607,4040,465,2485,5413,0,0,1775,24756,15000,2139,7944,1320,1900,2568,0,0,0,28,3,1,0,0,96,15,3,1,1,0,0,0,0,0,0,0,2,0,1,0,1
166927,78327,0,26229,19240,9409,7814,810,8100,8792,0,0,1095,20400,12000,50,4320,576,1440,4614,1500,0,96600,54,3,0,1,1,40,5,2,1,1,0,0,0,0,0,0,0,1,0,0,0,0
146785,116098,0,26236,21240,2280,3962,1070,2560,71960,0,1086,1300,37200,24000,164,20640,1272,1500,3558,0,0,99400,51,6,0,1,1,50,15,2,1,1,0,0,0,0,0,0,0,1,1,1,0,0
159294,64294,0,17526,15120,10422,13100,3740,2863,2880,360,2715,1350,23250,9000,48293,8850,2082,0,4632,0,0,0,78,3,0,0,0,65,18,3,1,1,0,1,1,1,0,0,0,1,0,0,0,1
297135,102278,0,34827,22200,19428,9821,2750,3076,14668,6354,5420,5960,39900,18000,310,9882,4320,2150,19566,15500,118760,118760,69,4,0,1,0,60,60,2,1,1,1,1,1,1,0,1,0,4,0,1,0,1
76288,45765,1,25775,23536,3087,6040,1105,2408,0,1456,0,2765,10410,3000,2912,216,0,1850,3504,0,0,0,58,5,0,3,1,20,23,1,0,0,0,0,0,0,0,0,0,0,0,0,0,0
213880,90994,0,22993,11494,17360,10418,7725,10759,3110,285,0,2590,71682,42000,730,846,7818,2640,10602,10000,0,10400,63,3,0,2,0,48,5,2,1,1,0,0,1,1,0,0,0,1,1,0,0,0
170890,73333,0,25699,20312,8745,10767,5240,4269,2770,3438,0,3705,16656,7800,4514,2400,6600,0,12198,1400,0,46850,47,4,0,0,2,20,18,2,1,1,0,0,0,0,0,0,0,4,0,0,0,0
350097,75863,0,32487,27936,11285,10357,2118,5120,800,0,0,21252,61734,24000,3086,10398,4320,995,9114,11000,4350,187516,65,7,1,1,2,46,29,4,1,1,0,0,1,0,0,0,0,3,1,0,0,1
264793,159758,2,51041,19600,35734,14407,4060,11779,11228,0,0,6665,61536,24000,4832,12462,2238,5450,14826,3000,0,46670,46,6,0,2,1,30,13,1,1,1,1,1,1,0,0,0,0,4,0,0,0,1
522411,124895,0,20159,10575,21350,16163,2195,7758,41755,1200,0,9380,42600,18000,11336,11580,8850,10000,31410,45500,0,0,52,4,0,0,3,50,45,2,1,1,0,0,0,0,0,0,0,4,0,0,0,0
230568,88603,0,26734,21260,5704,19307,2100,3850,19240,3692,5968,4480,26304,12000,5189,9294,720,1920,30846,16100,0,0,39,4,0,2,2,33,10,2,1,0,0,0,0,0,0,0,0,1,0,0,0,0
64360,29369,0,16223,14341,1563,2571,250,565,2360,0,2715,790,20082,15000,92,1200,0,0,1962,2500,0,0,37,2,0,0,2,40,9,2,1,1,0,0,0,0,0,0,0,0,0,0,0,0
495215,141181,2,19686,11445,19870,29114,5309,6304,7667,4246,1810,34520,56460,27000,42860,9636,11262,13450,39912,24500,0,61700,34,4,0,1,1,80,14,3,1,1,1,1,1,1,1,1,0,3,1,1,0,1
393884,154859,0,26993,10296,14668,7108,1090,5155,60125,4443,4887,7695,91200,60000,3835,17040,4938,600,29178,10330,0,0,55,5,1,1,1,32,55,1,1,1,1,0,1,1,0,0,0,3,0,0,0,0
259758,163880,2,45561,24939,25058,21956,3390,11070,26185,2132,10498,3580,39864,12000,2003,6240,1950,2550,12606,4300,0,36000,43,7,0,4,1,50,12,1,1,1,1,0,0,0,0,0,0,1,0,0,0,0
70219,37407,1,16673,16133,400,6282,335,3845,4100,210,1397,0,11118,6600,30,2802,1326,11500,1842,622,8165,14165,70,3,0,0,0,12,6,1,0,0,0,0,0,0,0,0,0,1,0,0,0,0
139331,69510,1,24232,20680,6020,11286,2300,2690,18100,0,3276,3530,8940,4800,920,5058,780,39900,3936,0,5380,79521,54,4,0,0,0,17,30,1,1,0,0,0,0,0,0,0,0,0,0,0,0,0
284176,113569,0,24778,14700,33966,2180,535,4172,26380,0,0,7010,87480,0,6440,18546,16110,14796,25284,0,0,40070,22,3,0,1,1,30,17,1,1,1,0,0,0,1,0,0,0,3,0,0,0,0
43163,20543,2,5156,2784,314,372,640,314,2080,3425,5003,850,5298,3000,106,516,0,0,2058,300,0,0,34,1,0,0,1,14,28,1,0,0,0,0,0,0,0,0,0,0,0,0,0,0
105476,44934,0,22271,19418,1958,6708,2130,1873,1200,0,0,400,12120,3600,233,3888,750,300,4350,4500,0,76951,70,5,1,2,0,100,21,1,1,2,0,0,1,0,0,0,0,1,0,0,0,0
341846,70527,0,22980,18660,7810,11435,1160,5845,3600,780,0,6895,43740,30000,764,17286,9720,1980,9750,20500,0,39458,51,3,0,1,2,62,21,3,1,1,1,1,1,1,1,0,0,2,0,1,0,1
156972,66770,2,20733,14466,5840,9838,2772,4707,10490,400,3620,3085,19560,4800,542,7500,780,8300,4428,300,0,67196,58,4,0,0,1,18,35,1,1,1,0,0,2,0,0,0,0,3,0,0,0,0
284058,70258,0,28986,18044,7464,11483,3975,2970,3960,1560,0,2725,41124,18000,600,10362,474,660,39888,60000,13918,13918,65,3,0,1,0,40,15,3,1,1,0,0,1,0,0,0,0,2,0,0,0,0
221440,65709,0,30946,29977,8989,4071,3305,7655,0,3900,260,1205,33066,15000,2500,5340,3000,1500,3588,3000,0,123700,65,5,1,0,1,100,14,3,1,1,0,1,1,0,0,0,0,2,0,1,0,1
88959,82491,1,34694,30466,6575,20189,1225,4750,2100,1900,3562,5880,8946,2700,545,2160,2280,1560,5610,0,0,0,52,8,1,5,2,10,1,1,1,0,0,0,0,0,0,0,0,1,0,0,0,0
48539,21729,1,10681,3190,1826,2747,250,1870,420,900,0,1130,8700,4800,150,900,0,0,2124,0,20887,20887,40,2,0,0,1,45,5,1,0,0,0,0,0,0,0,0,0,0,0,0,0,0
42490,16349,0,5669,4080,2710,1896,410,1513,150,0,0,85,11598,0,3401,888,0,0,2604,0,0,0,76,1,0,0,0,50,28,1,1,0,0,0,0,0,0,0,0,0,0,0,0,0
155025,86576,1,34402,27680,17997,7760,1255,3182,5198,1180,0,6836,26640,15000,3694,9738,1320,2025,7374,2000,108575,108575,52,4,0,1,0,110,20,2,1,1,1,1,1,0,0,1,0,3,1,0,0,1
162213,62730,0,16715,12040,6434,6166,870,3497,16930,570,6516,1560,16920,9000,586,14040,840,0,6366,1750,0,0,31,3,1,0,1,20,9,1,1,1,0,0,0,0,0,0,0,1,0,0,0,0
64279,45797,1,19842,2900,2060,5320,2836,3512,1768,195,0,3045,19020,13200,1280,4350,120,202,3798,250,0,0,41,4,0,2,1,13,5,2,1,1,0,0,0,0,0,0,0,2,0,0,0,1
376339,73583,2,15264,10710,13835,7689,7630,3620,7310,0,2925,6327,131352,105000,10187,11172,18054,0,13314,3728,0,73800,82,2,0,0,0,50,45,2,1,2,1,1,1,1,1,0,1,1,1,1,0,0
97500,35001,2,9152,6214,4160,9538,640,1510,5400,0,0,1340,32592,24000,25820,330,0,0,4680,0,0,40200,68,2,0,0,0,60,25,0,1,0,0,0,0,0,0,0,0,0,0,0,0,0
785057,175596,0,33601,27120,37644,27316,9340,13240,4400,160,390,15950,54900,24000,2836,8520,25002,42920,17652,3400,0,44617,71,7,1,2,2,30,47,3,1,1,1,0,1,1,1,0,0,1,1,1,0,0
247800,97144,0,10084,8146,9408,6744,3340,3438,51220,0,0,5100,56280,36000,205,30102,3000,0,17178,5000,0,0,41,2,0,0,1,30,45,1,1,1,1,1,1,1,1,0,0,2,1,1,0,0
101668,58411,2,24354,20930,2608,12999,1080,6102,2160,0,0,3430,6540,4200,558,2580,1968,0,3858,2600,15000,52803,53,4,1,0,1,25,27,1,1,0,0,0,0,0,0,0,0,2,0,0,0,0
29463,5408,0,3136,216,600,650,205,500,0,845,360,450,3540,2100,85,60,0,0,180,0,400,400,76,1,0,0,0,15,17,0,0,0,0,0,0,0,0,0,0,0,0,0,0,0
383433,91709,0,19836,13494,8908,12156,2412,8900,18100,2570,0,2371,70164,42000,973,9486,3900,0,30012,1360,0,0,46,9,1,0,5,150,15,2,1,1,1,1,1,0,0,0,0,5,1,0,0,0
122585,71187,1,31628,27608,740,9916,2750,3761,11467,0,5430,2025,5472,1800,1749,6558,828,12400,7020,600,60235,80723,42,8,1,3,0,21,6,2,1,0,0,0,0,0,0,0,0,2,0,0,0,2
198728,113879,1,33646,29604,14113,21129,2120,11440,16480,680,6660,3410,29160,18000,4556,11580,3900,2450,8118,0,49360,79110,77,6,0,2,1,70,32,2,1,0,0,0,0,0,0,0,0,1,0,0,0,2
107010,40585,0,17200,14286,1475,5826,835,1795,7520,120,0,4560,18618,12000,1245,19188,360,2880,4404,0,0,0,58,5,0,1,4,40,22,1,1,1,1,0,0,0,0,0,0,3,0,0,0,0
52686,17095,0,6887,0,460,4080,1460,1574,60,0,0,1540,10260,7200,980,1278,240,0,762,0,8834,10646,71,2,0,0,0,13,25,1,1,1,0,1,0,0,0,0,0,1,0,0,0,0
85910,45040,0,16332,9100,360,15565,1282,3290,0,0,0,490,14844,9000,139,5760,900,1280,3486,0,0,76550,33,4,0,2,0,5,20,2,1,0,0,0,0,0,0,0,0,0,0,0,0,0
321240,140916,0,24322,15120,24468,17761,7672,6910,38960,0,0,7985,62442,48000,6765,22518,11058,15100,25380,0,0,154680,48,4,0,0,1,120,20,2,1,1,1,0,1,1,0,0,0,4,0,0,0,1
1770170,167114,0,19577,8905,28476,11810,4875,7594,41900,150,0,11389,302334,240000,57360,118542,32400,71700,24624,5200,0,0,32,5,0,2,1,75,45,4,1,2,0,1,1,1,0,2,1,3,2,0,0,0
69223,38530,0,9399,6240,5020,3733,1398,2680,6030,0,0,2505,14328,9000,516,3102,1356,0,4674,5500,0,0,24,2,0,0,1,32,30,2,1,1,0,0,0,0,0,0,0,1,0,0,0,0
56898,40164,1,16612,13764,1815,2560,2124,2783,1595,0,0,980,9210,5400,423,1554,396,0,3114,0,27290,27290,25,4,2,0,0,48,0,0,0,0,0,0,0,0,0,0,0,1,0,0,0,0
65328,24059,1,12238,0,1320,4030,660,2665,0,1700,7240,2710,6420,2400,0,2400,0,0,3096,0,22340,22340,61,3,0,0,1,24,25,2,0,0,0,0,0,0,0,0,0,0,0,0,0,0
65592,73659,0,30591,28548,6348,5846,2195,5455,15200,1677,0,1820,8646,4500,300,8004,360,700,4572,0,2817,7517,40,5,0,3,1,25,3,0,0,0,0,0,0,0,0,0,0,1,0,0,0,0
589800,144909,0,31683,25260,29682,15873,3080,11335,43420,2080,0,26752,56106,39000,5178,40566,23724,38580,29682,3000,0,0,50,6,0,2,3,100,22,3,1,2,1,0,1,1,0,0,1,5,2,0,0,2
141656,61802,1,17868,15860,9240,3042,2715,6750,14100,2080,0,1450,14532,6000,1680,2580,2130,21300,4740,500,24480,24480,47,4,0,0,2,48,7,2,1,0,0,0,0,0,0,0,0,2,0,0,0,0
110789,80236,1,27458,24024,3681,12060,2565,4155,19950,270,16290,3023,12342,6000,0,10488,2058,7215,3558,1300,0,0,47,8,1,4,3,40,9,1,0,0,0,0,0,0,0,0,0,3,0,0,0,1
172988,123023,0,47092,38290,15844,11249,6530,4869,17375,600,2896,3554,25800,12000,766,8592,3834,1940,9702,240,53965,80300,65,11,0,6,1,26,43,2,1,1,1,1,0,0,0,0,0,1,0,0,0,0
132763,73433,0,28321,24797,8126,8718,1415,6895,6680,1813,724,1660,18540,9000,4166,3774,1080,13675,4446,3000,0,70940,53,4,0,0,2,48,17,2,1,1,1,0,0,0,0,0,0,2,0,0,0,2
64398,40046,0,20647,15476,1304,4466,2134,2028,5455,0,0,589,8886,2100,1073,1500,438,265,4380,4500,0,0,28,5,2,1,1,24,6,2,1,0,1,0,0,0,0,0,0,2,0,0,0,0
99081,61309,1,34572,28431,3930,8578,3448,2675,2690,120,3620,860,15300,7800,565,2784,228,850,1968,0,0,0,60,3,0,1,2,11,29,0,1,1,0,0,0,0,0,0,0,1,0,0,0,0
243815,93644,0,52145,49660,12215,6570,1090,5885,2880,8137,780,1150,16548,4800,1116,1176,900,450,5076,0,0,9690,69,6,1,1,2,20,27,2,1,1,0,0,1,1,0,0,0,2,0,0,0,0
110330,35747,0,16791,13572,3975,2713,1838,4202,90,0,0,910,14406,9000,260,1920,1776,0,3852,0,0,0,55,4,1,0,1,15,1,1,1,1,1,0,0,0,0,0,0,2,0,0,0,0
146666,71747,0,28814,23490,3230,7087,2920,4375,9200,0,12,3250,27120,24000,1115,2760,756,5100,7470,0,0,120200,41,5,0,4,0,100,16,1,0,0,0,0,0,0,0,0,0,1,0,0,0,0
252084,110382,0,33258,27524,15330,24784,1120,5465,16350,984,4525,4480,34590,9000,6900,13842,3420,29630,5916,9000,0,224074,31,7,0,3,0,38,9,1,1,1,0,0,0,0,0,0,0,3,1,0,0,1
139790,59186,0,24787,20384,5096,6795,630,5475,6475,1343,0,836,22440,10800,969,13872,1260,0,10242,0,0,5364,31,4,1,0,1,30,10,2,1,1,0,0,0,0,0,0,0,2,0,0,0,0
56246,34217,1,12092,10862,2910,7120,1206,3618,3250,0,0,140,10920,7800,350,876,180,0,1962,1050,21816,21816,69,3,0,0,2,32,2,2,1,1,0,0,0,0,0,0,0,0,0,0,0,0
218890,71310,0,14109,7780,5300,13950,11600,10200,0,90,0,2710,36060,24000,32700,8862,732,53000,13368,11500,0,16960,54,4,0,0,0,18,26,2,1,1,1,0,1,0,0,0,0,1,1,0,0,0
233851,100462,0,50622,28945,8450,12993,975,3131,11760,1060,8145,1799,11100,3000,27100,4560,2340,17,4728,2100,0,0,61,8,1,0,5,30,11,1,0,0,0,0,0,0,0,0,0,3,0,0,0,0
256195,110489,0,26500,24766,20271,11318,960,8590,36590,1820,3620,2928,26700,18000,7980,8376,6498,0,22116,7500,39114,124346,53,4,0,0,2,35,22,2,1,1,1,0,0,0,0,0,0,3,1,0,0,2
308708,99391,0,34100,29141,2029,17974,1740,4413,21903,832,0,14395,53424,24000,12436,21438,4530,14495,16974,15000,0,36782,67,6,0,1,3,40,23,2,1,1,1,0,1,1,0,0,0,9,2,1,0,0
160590,109638,0,42541,31920,3384,36694,2260,8260,3899,105,0,2707,12702,4200,725,1620,768,940,5880,0,0,53538,61,11,1,4,3,22,30,2,1,1,0,0,0,0,0,0,0,2,0,0,0,0
73958,31489,0,9139,7258,5605,5858,1830,1298,120,3600,9218,2180,9516,6000,0,8412,1188,50,1044,0,29034,29034,60,2,0,1,0,36,35,1,1,0,0,0,0,0,0,0,0,1,0,0,0,0
99698,48357,0,14264,10868,2430,1325,550,982,13390,660,4344,4980,15216,9600,1358,360,264,0,5460,12000,0,0,22,4,2,0,1,60,1,1,1,0,0,0,0,0,0,0,0,0,0,0,0,0
423548,153494,2,30032,23349,15632,10429,6024,4564,60600,1598,2340,10829,67320,42000,1338,33084,25170,6920,32574,2140,0,59116,39,6,0,3,2,40,30,3,1,1,1,0,1,1,0,1,0,4,2,0,0,1
157883,68176,2,20807,9834,3129,9453,2735,4286,18800,0,0,5145,14040,9000,2680,7920,450,506,4812,10200,3265,8165,79,4,0,0,2,55,18,3,1,1,0,0,0,0,0,0,0,2,0,0,0,0
101465,52144,0,22267,20135,5850,7807,555,4934,5500,1135,0,2660,20340,9000,303,8160,660,2870,5970,500,0,0,42,5,0,3,2,30,18,1,1,1,0,0,0,1,0,0,0,1,0,0,0,0
197888,98986,2,27342,19910,4256,7096,1395,5877,31960,4262,1508,4485,85230,33000,1628,5430,3498,0,7980,500,0,53718,81,3,0,0,1,30,0,0,1,1,0,0,0,0,0,0,0,2,0,0,0,0
381500,142459,0,20026,10046,15840,12998,2950,6481,61635,0,0,9130,78420,48000,420,13056,5400,2500,24396,26500,0,0,55,4,0,1,2,40,40,2,1,2,0,0,1,1,0,0,0,4,3,0,0,0
101930,33397,1,15142,5680,3530,5836,1033,1915,350,270,100,1600,6300,3600,310,4644,240,200,4836,2500,31490,76340,45,4,0,2,0,26,11,1,1,1,0,0,1,0,0,0,0,1,0,0,0,1
95309,51760,1,28124,0,1245,11367,910,3410,792,2080,1300,680,7338,1800,115,2160,0,70,3474,600,2560,2560,43,10,2,4,3,17,16,1,1,0,0,0,0,0,0,0,0,0,0,0,0,0
358104,139858,2,24085,11996,24743,6672,2285,4846,50150,4992,60,2800,133740,84000,9580,25482,12300,14539,23028,7100,0,0,37,4,0,2,1,60,74,2,1,1,1,1,1,1,1,0,0,4,2,0,0,0
325525,88696,0,20878,16280,8765,6085,410,4835,15070,0,0,5750,76464,57000,2870,12180,3000,0,16734,53000,11850,11850,82,2,0,0,1,98,68,2,1,2,0,1,1,1,0,0,0,1,0,0,0,0
107662,38726,1,16282,8962,3140,10942,297,2255,910,0,6335,1500,5568,1200,1095,2448,1044,580,4062,300,9577,9577,61,7,0,3,3,30,15,2,1,0,0,0,0,0,0,0,0,4,0,0,0,0
97227,88051,1,35103,33332,6099,4622,1230,7214,9200,0,520,2240,14046,3600,237,2400,1260,1200,6804,190,0,0,35,7,1,3,2,18,7,2,1,1,1,0,0,0,0,0,0,2,0,0,0,0
97909,66864,1,32630,28776,5415,11425,783,2111,4140,1691,0,1068,11526,6000,1122,2076,756,615,4230,937,46412,46412,51,7,1,4,1,20,20,2,1,1,1,1,0,1,0,0,0,1,0,0,0,0
1005500,212015,2,22855,15756,27822,9572,4440,11115,104841,250,3432,47140,176850,0,7178,45786,37140,179500,46848,0,0,0,41,7,0,3,1,50,42,3,1,2,0,0,1,1,2,1,0,7,2,1,0,0
204240,64335,0,14431,10085,15736,11087,2225,5020,5800,1212,960,12980,56352,18000,4818,20748,4380,0,6462,3500,44865,77345,53,2,0,0,2,56,17,2,1,1,0,0,1,1,0,0,0,3,2,0,0,2
53820,31427,1,13639,0,2320,4642,1040,4930,0,3380,4472,1440,4860,1200,0,5400,0,0,2280,0,41560,41560,33,3,0,0,0,15,5,1,0,0,0,0,0,0,0,0,0,0,0,0,0,0
200887,83205,0,20035,16814,15246,7424,770,4035,26060,3672,6990,9340,16266,9000,2690,8436,3792,500,6792,4700,0,64262,51,4,0,1,2,25,16,0,1,1,1,0,0,0,0,0,0,3,0,0,0,0
617320,228767,0,39193,25555,22217,15484,3356,4433,107290,2280,1508,12741,188100,0,20141,20556,71760,83800,72042,10000,0,0,47,4,0,1,1,50,35,2,1,1,1,1,1,1,1,0,0,4,1,0,0,0
252063,116317,2,36276,21734,11569,13576,2017,6886,27658,822,0,1920,71826,15000,1992,1386,1506,1932,21996,2106,0,41388,57,4,0,2,1,30,4,0,1,2,1,0,0,1,0,0,0,2,1,0,0,0
58150,20953,1,12644,11700,724,1542,323,1599,250,45,0,1957,12462,9000,984,1716,1020,0,1506,2000,28200,28200,77,2,0,0,0,90,73,3,1,0,0,0,0,0,0,0,0,1,0,0,0,0
316890,91075,2,28800,14023,890,4354,2680,1408,32930,0,0,6600,30234,7200,3560,31566,9216,0,22422,5000,0,0,27,3,0,1,3,40,20,0,1,1,0,0,0,0,0,0,0,3,0,0,0,0
150710,53685,0,20453,15639,8495,5981,1250,4315,800,1524,9955,800,25254,18000,72,6342,1638,2600,5124,0,0,0,61,2,0,0,1,100,9,3,1,1,0,0,0,0,0,0,0,2,0,0,0,1
163355,47482,0,11275,8268,4378,6524,1040,4240,9090,240,0,990,14184,7200,0,5220,684,755,6864,5250,0,0,59,4,0,1,2,100,35,3,1,1,1,0,1,0,0,0,0,1,0,0,0,1
775443,172566,0,20746,11882,41094,50838,9883,11460,40000,0,0,16080,214926,180000,90994,24606,37440,0,10998,77786,0,74915,76,3,0,0,0,400,35,3,1,2,1,1,1,1,1,1,2,2,2,1,0,0
88059,70859,1,25599,23736,6854,10494,3255,7182,6725,2210,0,2405,15060,7200,378,1260,1080,1320,4230,900,24050,24050,65,5,1,1,1,100,11,1,1,1,0,0,0,0,0,0,0,1,0,0,0,0
147465,66698,2,30771,28236,3230,9225,775,3639,7520,0,5430,2967,7350,3600,759,2040,444,1125,6210,0,0,0,65,7,2,3,0,18,11,1,0,0,0,0,0,0,0,0,0,1,0,0,0,0
323102,139080,2,43186,27400,18436,17849,874,3860,18360,2028,5055,10175,42900,24000,104,11028,6960,7360,14514,10000,22829,28079,76,7,0,3,2,80,45,2,1,1,0,0,1,1,1,0,0,3,0,0,0,1
181848,138167,0,27064,18150,33103,7944,6248,18219,8010,1378,10407,13734,18396,10800,1202,12834,1080,2647,8892,20000,0,0,56,4,0,0,2,80,45,2,1,1,1,0,0,0,0,0,0,2,0,0,0,0
65610,42493,1,18092,8640,4700,5980,1725,6754,0,1910,180,1570,6150,3600,1764,1398,144,0,2178,3760,28023,40131,71,3,0,0,0,80,4,1,1,0,0,0,0,0,0,0,0,1,0,0,0,0
201470,102248,0,14591,8840,8750,9320,5425,2700,3000,288,1532,10230,11700,6000,2150,5940,1200,2700,6948,7000,0,0,30,2,0,1,1,17,24,1,1,0,0,0,1,0,0,0,0,1,0,0,0,0
85140,90811,1,27267,17584,17943,8546,1810,8338,8800,240,8145,1320,8400,4800,5810,16182,450,750,5022,5000,43875,43875,53,5,1,1,2,42,15,1,0,1,0,0,0,0,0,0,0,1,0,0,0,0
99390,58897,0,24617,23400,5194,13679,1149,2650,5800,4330,234,1925,10986,6000,330,15600,1872,675,2826,0,0,3395,44,4,0,2,2,48,18,2,1,1,0,0,0,0,0,0,0,2,0,0,0,0
238884,80907,0,26335,18480,20533,10882,3390,5631,2940,2690,4270,1470,29910,18000,100,2016,804,530,3150,800,0,165504,55,6,1,1,1,56,15,2,1,1,1,0,0,0,0,0,0,1,0,0,0,0
114509,40901,0,23739,42,2939,3641,1740,2250,1800,0,1733,2185,12780,6000,1759,7452,1002,450,15336,1790,280,32400,54,5,0,1,1,53,5,2,1,1,0,0,0,0,0,0,0,3,0,0,0,1
217400,76740,2,21087,15204,11062,13047,5492,3671,5200,0,2715,5193,81246,54000,29300,1680,1200,0,8442,4500,0,49800,74,3,0,0,0,15,15,1,1,1,1,0,1,1,0,0,0,1,0,0,0,0
117432,61529,0,16197,12790,6188,6746,1138,3767,14760,0,3620,1990,7500,3600,285,6252,360,910,7464,0,21261,21261,37,6,1,3,2,20,7,0,1,0,0,0,0,0,0,0,0,1,0,0,0,1
264914,97974,0,36628,25756,17890,14046,2200,2725,11880,2080,4025,1850,31200,19200,3930,30276,6792,19500,11028,0,0,127304,83,8,0,2,2,60,20,3,1,1,0,0,1,0,0,0,0,3,0,0,0,1
1475211,122336,2,8384,4791,25162,7956,5000,4121,53210,1092,3620,17100,343386,300000,3156,72000,17400,0,36690,2000,0,0,32,2,0,0,2,150,15,4,1,2,1,1,1,1,2,2,0,2,2,0,0,0
394882,183419,2,37315,31750,19089,20353,5645,9716,61800,0,0,6850,102420,57000,3240,56754,13002,10250,38502,4000,0,106200,59,8,1,0,3,60,22,2,1,1,1,0,1,1,0,1,0,6,5,0,0,1
233937,96330,1,19518,8425,2666,16415,10565,21737,2470,0,780,3755,24678,21300,164,3750,204,859,3780,0,181159,198939,35,6,2,3,0,26,11,1,1,0,0,0,0,0,0,0,0,1,0,0,0,0
190294,61946,0,12274,9282,9099,13991,1126,4371,13260,0,0,400,73902,57000,5600,4440,300,0,4818,1000,0,33000,77,2,0,0,1,50,48,2,1,1,0,0,1,0,0,0,0,1,0,0,0,0
97915,61563,0,25490,16744,4228,8984,1630,5018,6950,0,0,2400,21480,15000,121,4692,630,728,3192,0,0,62000,51,3,0,1,0,30,15,0,1,0,0,0,0,0,0,0,0,1,0,0,0,0
221085,134192,0,37068,17740,13865,15543,9708,11900,22800,0,2080,2608,33630,18000,16906,3378,1896,18000,10302,5200,0,180920,63,5,0,1,0,25,34,1,1,1,1,0,0,0,0,0,0,2,1,1,0,2
174600,72248,0,19288,10140,6549,9848,2465,3020,16410,11830,0,6620,37380,0,829,11958,3600,0,17724,2500,0,0,25,2,0,0,1,50,12,1,1,1,1,0,0,0,0,0,0,2,0,0,0,0
115176,68937,1,25757,250,2632,23368,295,2294,560,1920,0,830,6720,3600,190,1464,0,1068,3648,1114,0,36895,49,6,0,3,3,14,10,2,1,0,1,1,0,0,0,0,0,0,0,0,0,0
422079,119652,0,34678,27090,11924,10238,2776,6900,15250,600,13575,6071,101028,90000,250,10506,4890,0,5574,8757,0,123014,64,7,1,0,2,65,10,2,1,1,0,0,2,0,0,0,0,5,1,0,0,1
161760,63813,1,33579,29684,2120,5716,1610,3740,5110,100,0,2875,25662,9000,392,2136,540,735,4824,11000,43885,43885,30,5,0,3,1,32,7,2,1,1,0,0,0,0,0,0,0,10,0,0,0,0
163153,57658,0,20317,17574,4300,7568,1150,4500,12800,270,10860,1770,23802,13800,6375,18840,1560,4120,11226,10540,0,2000,45,5,0,2,2,36,35,3,1,1,1,1,0,1,0,0,0,2,0,0,0,0
174337,101993,0,53000,49552,4476,13131,1605,3840,8460,1596,7240,2100,18852,6000,22974,19776,1140,24500,6192,1500,0,79000,56,8,1,2,1,59,40,2,1,1,0,0,1,1,0,0,0,1,0,0,0,0
36463,21062,0,11640,4140,760,1372,1135,3063,0,30,60,1010,2754,900,10,798,0,0,696,0,2180,2180,73,2,0,0,0,24,12,1,0,0,0,0,0,0,0,0,0,0,0,0,0,0
943150,188193,2,23695,17000,36292,11215,7013,9152,73424,936,1560,17095,179520,120000,11520,41514,36114,0,44112,6500,0,53150,62,5,0,0,2,80,26,3,1,1,1,0,1,1,1,0,1,5,1,1,0,0
233090,105332,0,30699,25620,31496,13328,1245,4856,10860,0,15204,1600,33900,15000,10741,14178,1974,0,8346,18000,0,125490,65,3,0,1,0,120,30,2,1,1,0,0,1,1,0,0,0,1,0,0,0,1
131945,69086,2,20550,14118,8785,7689,983,3467,4230,343,0,3899,37122,9000,18624,750,2736,230,7836,832,0,87032,34,5,2,1,0,30,17,1,1,1,1,0,0,0,0,0,0,1,0,0,0,0
91298,32836,0,7418,4560,3810,1584,1885,3536,7340,0,0,1460,11340,6000,16690,3762,936,1000,2286,0,0,36090,58,2,0,1,1,20,29,0,1,1,0,0,0,0,0,0,0,1,0,0,0,0
57540,40380,1,18351,16471,5040,3138,429,2661,4065,572,1040,1378,9000,4800,0,4380,1194,160,5586,0,5370,21510,37,5,1,2,1,16,1,1,1,0,0,0,0,0,0,0,0,1,0,0,0,0
235952,132887,0,36515,1080,17620,20753,7620,15510,8860,3250,0,7260,6102,900,700,3060,0,993,5706,12000,22960,165240,35,5,1,2,1,60,15,1,0,0,0,0,0,0,0,0,0,0,0,0,0,1
496465,174071,0,43097,19032,23824,10378,4439,12305,8775,910,0,29950,90270,66000,28690,47202,7200,16900,29226,41000,0,9000,42,4,1,1,2,190,17,3,1,3,0,0,1,1,2,2,0,2,5,1,0,1
195241,36964,0,14967,13312,2855,4569,2006,8006,300,0,0,2498,8448,3300,384,180,0,0,62172,46202,63525,68235,86,1,0,0,0,15,2,0,0,0,0,0,0,0,0,0,0,0,0,0,0,0
124140,57186,0,23637,18135,2550,6258,2376,4790,2780,0,520,5035,36474,24000,2747,6600,960,0,3432,0,0,18800,66,3,0,0,1,40,20,1,1,1,1,0,1,0,0,0,0,2,0,1,0,0
466105,111190,0,16248,11700,25886,18704,2845,8651,12386,0,0,14110,28098,15000,1932,5922,3000,2868,22398,16500,0,0,40,4,0,2,2,81,5,2,1,1,0,0,0,1,0,0,0,2,1,1,0,2
60935,35204,1,8745,6565,4760,3654,3197,6458,0,2701,0,1550,7080,5400,1163,3300,360,0,2598,0,0,0,35,2,0,0,1,18,12,1,0,0,0,0,0,0,0,0,0,2,0,0,0,0
147235,85641,2,15891,10862,14172,8102,1715,4430,19780,210,1358,1580,27522,21000,4249,9480,1200,1580,9990,5500,0,57158,35,4,1,1,0,400,30,1,1,1,0,0,0,1,0,0,0,1,0,0,0,0
73781,22689,1,10536,9532,2010,3760,1610,2305,0,86,1664,100,7290,2400,2110,2676,150,0,2424,550,47695,47695,35,2,0,0,1,20,8,1,1,0,0,0,0,0,0,0,0,0,0,0,0,0
130049,77993,1,22478,14468,16656,13547,1100,5137,1840,1380,4706,1235,19464,6300,581,4296,420,350,9210,0,0,5798,48,7,1,1,2,180,14,2,1,1,0,0,0,0,0,0,0,2,0,0,0,0
98910,78022,0,29901,21036,6685,13880,2550,4300,1680,1345,7614,1926,20148,13800,180,3300,756,0,4842,0,0,3000,49,4,1,0,1,12,25,1,1,1,0,0,0,0,0,0,0,0,0,0,0,0
78451,78260,1,32658,19940,370,31920,606,2487,1732,270,650,1680,10800,3000,0,6402,0,700,3828,0,0,56798,41,4,0,2,0,9,3,1,0,0,0,0,0,0,0,0,0,0,0,0,0,0
76683,62656,0,23599,1250,3117,9513,2104,7586,5660,875,1560,4450,7350,2100,295,2700,0,322,2976,4900,15953,15953,37,7,1,4,2,25,14,1,1,0,0,0,0,0,0,0,0,0,0,0,0,0
181300,50015,0,9683,7180,7503,7468,200,5603,12452,2184,7240,2450,15180,6000,876,2424,762,3720,5058,5000,75000,75000,51,5,1,2,2,150,55,2,1,1,1,0,1,0,0,0,0,1,0,0,0,1
311354,64945,0,27895,24345,8628,6278,530,3430,9110,1676,960,2420,21840,7800,784,8862,780,10000,7716,5000,28504,28504,55,7,0,3,4,48,30,3,1,1,0,0,0,0,0,0,0,4,0,0,0,0
585048,176816,0,50620,17200,42982,21772,5040,5690,19412,7848,18100,17570,71796,27000,6133,31974,14556,4050,21510,41200,0,0,53,8,2,2,1,100,25,3,1,1,0,0,1,1,0,0,0,2,0,0,0,1
196160,80137,2,10797,9620,3840,4915,1930,4485,28450,1041,1629,4610,55800,36000,1620,10428,1518,1100,10530,0,0,22200,56,6,1,2,2,40,30,1,1,1,0,0,0,0,0,0,0,4,0,0,0,0
135065,42319,0,8556,6550,2735,2862,280,2605,15600,0,3258,1350,31596,24000,6628,9138,1080,0,22782,16650,0,60889,60,3,0,0,1,30,55,0,1,1,1,0,0,1,0,0,0,1,0,0,0,0
80225,51749,1,28724,23850,2520,5488,1970,6314,600,300,600,1165,10206,7800,775,3900,648,0,3882,3000,41669,41669,47,5,0,1,3,37,15,1,0,0,0,0,0,0,0,0,0,1,0,0,0,0
231527,110537,0,46534,38915,5788,8022,9539,3880,19355,1080,1894,5283,23580,18000,20132,26310,2202,28385,9234,6050,15244,85782,46,7,0,3,1,20,16,1,1,0,0,0,0,0,0,0,0,2,1,0,0,1
169443,76180,0,18293,14755,2070,23039,1490,3795,4140,560,0,7100,16578,6000,7174,22056,1620,0,5472,1900,0,61080,61,7,2,0,1,140,26,1,1,0,0,0,0,0,0,0,0,2,0,0,0,0
145082,94372,1,39402,23240,1040,22715,2340,7565,5690,0,9955,2520,8100,2400,784,2580,1350,1490,6078,0,12480,122160,40,8,0,4,1,17,15,0,1,1,0,0,0,0,0,0,0,1,0,0,2,0
299654,86657,0,31473,27931,13100,6360,2170,2518,19600,540,0,2799,33930,15000,778,41010,5076,7120,17544,0,0,0,51,6,1,1,2,15,2,1,1,1,1,1,0,0,0,0,0,3,0,0,0,0
332914,64577,2,12172,9232,8935,2508,2116,4670,21060,0,0,5930,88200,54000,7520,17592,7194,0,25968,0,0,33676,65,2,0,0,2,80,22,3,1,2,1,1,2,1,1,0,0,1,1,1,0,0
93025,42234,0,10935,8046,12486,3852,440,4160,3000,0,0,1120,35448,0,0,10980,1212,1580,7698,700,0,0,34,5,1,2,2,90,75,1,1,1,0,0,0,1,0,0,0,2,0,0,0,0
194078,56433,0,11341,5898,13782,7911,1771,3762,9700,0,0,4080,24672,15000,3927,16230,2412,0,45624,3000,4905,46777,55,2,0,0,0,70,23,2,1,1,0,0,1,1,0,1,0,2,1,0,0,1
733138,86420,0,18382,5220,7230,18446,5285,9962,10000,13900,0,9740,116274,63000,16360,24018,22800,6000,32532,5000,2600,666758,55,3,0,0,0,36,20,4,1,1,0,1,1,0,0,1,1,0,0,1,0,0
316433,82294,0,16483,12564,14713,9623,1680,4880,17500,0,0,7580,50010,36000,909,4716,636,3440,9978,13800,0,119000,47,3,0,2,0,35,23,2,1,1,1,0,1,1,0,0,0,2,0,0,0,0
32139,18062,0,7657,0,540,3757,805,2855,300,150,540,595,2850,1800,400,612,0,0,540,0,0,3822,77,2,0,0,0,10,29,0,0,0,0,0,0,0,0,0,0,0,0,0,0,0
250318,54343,0,11332,8092,4380,2084,900,1972,19100,5460,0,35900,36996,18000,10460,30354,5520,0,11088,0,0,64396,30,2,0,0,1,100,15,1,1,1,0,0,1,1,1,0,0,4,0,0,0,1
765290,318488,0,194197,183475,13030,30262,17234,9010,23210,0,0,5505,113448,90000,8417,37050,22320,8128,10638,99500,0,0,70,4,0,0,1,300,40,5,1,0,0,0,1,1,1,1,1,5,2,1,0,1
307236,132136,2,26301,17290,9921,6553,2287,7847,48270,0,0,3043,111570,45000,2926,41430,3360,28964,17916,5000,0,0,46,4,0,2,1,20,15,1,1,1,1,0,1,1,0,1,0,4,1,0,0,0
865598,167694,0,28698,11920,23856,16240,12120,6935,51650,0,0,68200,231900,60000,38119,47574,16314,14500,57606,0,0,394340,67,3,0,0,0,70,45,3,1,1,1,1,2,1,1,0,0,3,1,1,0,0
102187,63479,0,13442,11400,2334,6690,785,1885,700,0,0,780,10230,6000,617,1080,624,0,1602,500,0,0,66,3,1,0,1,10,20,1,1,1,0,0,0,0,0,0,0,1,0,0,0,0
54682,26576,0,9730,8476,1800,5187,268,1473,90,0,0,326,8280,3600,4367,4104,1170,0,3036,2080,5780,5780,74,2,0,0,1,34,12,2,1,1,0,0,0,0,0,0,0,1,0,0,0,1
58787,55983,0,29599,24580,2736,6446,3350,6845,50,570,2850,780,8976,3300,0,1920,300,380,5538,3025,16050,16050,50,6,0,3,1,48,28,3,1,1,1,0,0,0,0,0,0,1,0,0,0,0
132855,47863,0,15140,11220,2570,11036,1710,6368,3960,0,0,7845,11850,6000,272,10620,1500,3700,5424,0,9885,29625,71,3,0,1,1,15,35,1,1,0,0,0,0,0,0,0,0,1,0,0,0,0
60658,34622,1,19614,11830,640,6554,1115,2453,1300,0,0,1150,4968,2400,75,1200,0,300,3042,0,30750,30750,33,4,0,2,1,16,5,1,0,0,0,0,0,0,0,0,0,0,0,0,0,0
718238,180371,0,57986,43155,34748,23570,4820,5833,30839,1656,1560,12065,38676,24000,1452,30954,8616,11350,34854,17500,0,0,60,8,0,1,4,40,12,2,1,1,1,1,1,1,0,0,0,7,1,0,0,1
325797,81705,0,18210,13002,15270,20640,3535,5899,2848,726,0,1510,66450,42000,13385,13224,4266,0,17220,12130,15990,188668,63,2,0,0,0,80,20,0,1,1,0,0,1,1,1,0,0,2,0,1,0,1
335708,160169,0,61069,42864,22598,17655,6755,13142,12850,4160,12670,9101,24702,18000,1380,22938,1848,1426,8532,4500,0,0,55,7,0,3,4,40,35,1,1,1,1,0,0,0,0,0,0,3,0,0,0,0
68205,46381,1,26304,12000,1947,4392,870,2803,2730,100,0,3235,7680,1800,120,1638,1260,3335,7392,0,16400,16400,63,5,0,2,1,20,8,2,1,1,1,0,1,0,0,0,0,3,0,0,0,0
110836,65168,1,34616,32479,5260,5452,1255,4960,3940,420,1040,810,8430,4500,735,4800,0,3150,3120,0,0,0,48,9,2,3,3,20,13,2,1,0,0,0,0,0,0,0,0,0,0,0,0,0
180642,121140,1,34630,27300,26066,22882,940,10695,6350,0,2896,740,10800,1800,3130,9078,2916,1490,7578,2500,73170,76670,54,9,2,1,3,20,17,1,1,1,1,0,0,0,0,0,0,4,0,0,0,0
174276,48780,0,9174,6630,3156,10428,2269,5307,9215,0,208,3965,37380,18000,1660,7482,390,470,11196,2000,0,0,40,6,2,2,1,60,15,1,1,1,0,0,0,0,0,0,0,0,0,0,0,0
182106,97541,0,25030,19552,18403,14367,3053,5635,16020,480,0,6900,41028,27000,891,576,1608,2175,12090,0,0,43878,35,4,0,2,1,200,22,3,1,1,1,0,1,0,0,0,0,4,0,0,0,0
386244,137375,0,47370,32832,20118,18686,3950,6471,16600,0,0,23928,37638,22800,4242,81432,6480,300,12684,26000,54670,54670,59,7,1,1,3,40,25,3,1,1,1,1,1,1,0,0,0,5,1,0,0,1
96100,48219,2,14470,10632,4520,7722,240,4908,9010,0,2850,60,39042,27000,300,1536,0,0,2370,0,0,23400,65,3,0,1,1,10,25,0,1,1,0,0,0,0,0,0,0,0,0,0,0,0
126118,33784,0,5380,2964,85,108,2540,0,17800,0,0,1400,21480,15000,58648,1560,0,0,6288,0,0,0,78,1,0,0,0,30,35,2,1,1,0,0,1,0,0,0,0,0,0,0,0,0
71182,51475,0,25737,21568,2578,5858,3335,5058,260,0,1146,2014,5388,2400,235,4740,336,520,2880,0,8000,27402,65,6,0,2,1,25,7,0,1,1,1,0,0,0,0,0,0,2,0,0,0,0
57112,35697,0,19310,18487,1208,4567,649,1425,440,0,0,884,8352,4200,401,1224,0,0,2022,2110,16572,17232,60,3,1,0,1,49,26,2,1,1,1,0,1,0,0,0,0,0,0,1,0,0
147105,63058,1,21803,16851,5070,3061,965,3530,22200,760,0,940,18900,12000,175,13920,1680,5090,7206,4200,56180,56180,42,3,0,0,1,20,17,1,1,1,1,0,0,0,0,0,0,2,0,0,0,0
168372,115172,0,31013,10400,20808,21468,3340,4745,8055,0,0,12700,45522,10800,11473,5496,468,1500,5466,10600,0,89280,47,3,0,1,0,70,19,1,1,2,1,0,2,1,1,0,0,1,1,1,0,0
91722,46016,1,19011,0,3180,7732,345,3275,2030,56,2444,1880,10980,4200,1258,5688,528,3300,5514,195,11430,25344,43,5,0,3,2,25,17,1,1,1,0,0,0,0,0,0,0,2,0,0,0,0
60387,34352,0,15113,245,195,1582,1825,4045,6980,1300,0,305,37782,34800,305,4818,288,800,2778,300,19981,22095,36,4,0,2,0,29,7,1,0,0,0,0,0,0,0,0,0,1,0,0,0,1
1097587,309582,0,44032,26700,51414,41228,12540,16921,91008,2700,19600,10190,421104,108000,15323,86106,36072,10600,62730,15500,0,60200,38,6,0,2,3,108,20,3,1,1,1,1,1,2,1,2,0,8,3,1,0,0
126445,45137,0,27099,0,2405,4623,1125,2961,8400,0,520,1240,8184,3900,1130,5958,810,17500,3906,0,18120,36296,55,7,0,1,1,16,2,2,1,1,0,0,0,0,0,0,0,2,0,0,0,1
181893,99592,0,14529,10018,12150,9432,2170,3555,20880,0,0,3605,20154,9000,2575,22428,1944,0,10926,8000,0,0,56,3,1,0,1,42,35,2,1,1,0,0,1,1,0,0,0,2,0,0,0,0
294595,56721,0,32118,28150,5376,4483,2180,5405,500,155,0,2750,14232,2400,0,1242,1134,580,3066,130000,48605,48605,58,4,0,1,4,33,15,2,1,1,1,0,0,0,0,0,0,3,0,0,0,0
156992,71291,0,39404,29040,3867,7704,2210,3957,2080,1336,6998,5885,9180,3600,782,2004,2574,34230,6120,0,0,0,50,7,1,3,1,50,8,2,0,0,0,0,0,0,0,0,0,1,0,0,0,0
59485,36116,0,14221,10336,5454,4266,200,2450,5170,0,0,460,9636,6000,90,0,720,0,3090,120,0,0,50,1,0,0,1,50,33,1,1,0,0,0,0,0,0,0,0,1,0,0,0,0
217633,65722,0,20302,15248,10159,3805,3200,2974,11520,0,0,3910,63900,42000,541,10716,1140,26400,6048,12000,11838,11838,75,3,0,1,0,36,35,3,1,3,1,0,1,0,0,0,0,1,0,0,0,0
113670,69473,0,25817,17230,11736,9558,2526,6110,0,0,0,875,17328,9000,315,4458,690,0,3540,800,0,0,57,3,0,0,2,35,20,1,1,0,0,0,0,0,0,0,0,1,0,0,0,0
353070,74276,0,17959,13720,14966,5062,2630,3750,16340,0,0,3200,91020,54000,839,9210,9000,26745,4278,36000,0,37380,46,3,1,1,1,96,18,2,1,1,0,0,1,1,1,0,0,2,1,1,0,1
489268,107861,0,31466,23770,10978,22174,2380,8820,4600,0,6990,10486,52230,30000,1135,4860,2700,0,18402,4000,0,91698,64,5,0,1,1,100,32,2,1,1,1,1,1,0,0,0,0,3,0,1,0,1
82137,56385,1,26708,24688,1840,6320,4030,7809,2355,0,815,705,13536,7800,910,1200,648,1960,2754,0,5250,5250,49,6,0,3,2,20,9,0,1,0,0,0,0,0,0,0,0,1,0,0,0,0
151345,78729,0,19178,16880,17462,9380,640,5726,13610,540,0,2270,10416,6000,6270,10602,1248,3400,9834,1000,0,0,23,5,1,2,2,20,10,1,1,0,0,0,0,0,0,0,0,1,0,0,0,0
137602,77614,0,16369,12390,13562,10410,2600,7140,12676,3796,0,2120,35058,22200,10415,3888,1794,1800,8178,0,0,79842,49,3,0,1,0,24,27,1,1,1,1,0,1,0,0,0,0,0,0,0,0,0
485633,138744,0,46182,38010,28812,11252,4567,10925,14130,60,0,14972,31242,18000,496,16308,5400,22050,38436,3000,0,83350,38,5,0,2,1,100,16,3,1,1,0,1,1,1,0,0,0,5,2,0,0,0
1356856,287544,0,36174,24180,31408,19572,9830,9343,134100,696,676,16875,155400,66000,1672,120480,23874,28000,80628,14500,0,0,52,6,0,0,5,25,36,2,1,2,1,1,1,1,1,0,0,6,1,0,0,0
82040,52280,1,32909,30750,2260,4846,750,2135,600,0,390,1370,10200,4200,127,780,216,600,2412,0,61030,68740,43,7,0,3,0,50,15,2,1,0,0,0,0,0,0,0,0,2,0,0,0,0
103244,55619,0,21012,16900,5320,12274,1855,2540,6846,4525,0,1020,13350,4800,3018,3642,648,830,3198,730,15945,16435,39,3,0,2,0,36,35,0,1,1,1,0,0,0,0,0,0,1,0,0,0,0
155984,86024,2,41141,33303,3358,13607,1960,4695,8268,0,1810,3549,16014,6000,380,3168,2052,2960,3042,1500,7525,137177,43,6,0,3,0,25,13,2,1,1,0,0,1,0,0,0,0,1,0,0,0,0
68694,26289,0,11425,5545,2220,6080,460,1550,0,0,0,680,4800,2700,100,480,780,0,2820,0,16888,55746,73,3,0,0,0,15,45,1,0,0,0,0,0,0,0,0,0,1,0,0,0,0
107950,39960,1,15387,12705,3263,5697,950,4285,2600,0,7964,795,17808,13200,1164,2640,1680,0,2376,0,4640,6440,53,2,0,0,2,32,3,1,1,1,1,1,0,0,0,0,0,1,0,0,0,0
407774,154440,0,26965,24041,25445,19409,2860,6314,22900,0,1086,3800,108840,78000,657,6774,3240,0,21264,20000,0,0,56,6,2,1,0,70,20,3,1,1,0,0,1,0,0,0,0,3,2,0,0,0
44184,34952,1,19167,10140,1984,6914,523,2104,1300,342,246,625,8040,4800,113,2088,0,600,1602,0,11904,11904,44,4,0,1,1,13,10,2,1,1,0,0,0,0,0,0,0,0,0,0,0,0
113767,49983,0,35011,34110,2870,3075,410,1395,1315,1290,390,1941,8676,3600,18,26508,426,320,3168,1786,15790,24864,50,7,1,4,1,45,22,1,1,1,0,0,0,0,0,0,0,1,0,0,0,0
127085,52480,1,24853,21054,8140,4981,2290,3480,600,1600,0,9750,14616,4800,3855,5010,2160,500,3312,8210,56655,56655,61,3,0,1,3,20,44,2,1,1,0,0,0,0,0,0,0,3,0,0,0,0
223127,66442,0,22520,17540,6286,8264,1645,5325,13500,1384,0,1070,19008,7800,635,7158,3600,10570,4680,12000,59155,77955,61,4,0,0,2,60,25,2,1,1,0,0,0,0,0,0,0,3,0,0,0,0
157714,56166,0,19030,13032,1880,8956,1393,6435,4195,0,0,4020,11940,6000,115,6078,2406,1949,4764,1200,0,0,51,4,0,2,2,18,25,2,1,1,1,0,0,0,0,0,0,1,0,0,0,0
121741,43531,0,11168,8112,5584,7031,1592,7174,4105,3516,7540,4470,25362,14400,113,4752,3120,0,4680,0,21000,21000,51,1,0,0,1,108,51,4,1,1,0,0,0,0,0,0,0,1,0,0,0,1
338176,49275,1,14085,9600,8470,9906,1213,7250,0,504,1326,15109,24192,12000,11640,5100,3396,2500,6954,0,15000,15000,62,14,0,4,7,320,25,4,1,0,0,0,0,0,0,0,0,2,0,0,0,0
238115,129827,0,47036,43688,27272,10549,1035,5378,23432,0,0,3945,26640,9000,959,10356,2196,3182,8820,6600,70415,146315,38,6,0,4,0,50,14,2,1,1,1,1,1,1,0,0,0,3,0,0,0,2
224867,73005,0,31045,28880,1464,5538,4220,4084,19000,0,0,6650,21018,6000,36056,10512,2988,54663,14922,6000,33417,33417,77,6,0,1,1,70,25,3,1,1,1,0,1,0,0,0,0,1,0,0,0,0
166447,55602,1,33360,24426,5306,5794,1005,2053,1600,2440,4349,5600,11220,6000,810,684,516,2090,8634,1250,55289,96229,41,5,0,3,2,52,30,3,1,1,1,0,1,0,0,0,0,1,0,0,0,0
1410240,132462,0,52671,13183,19328,5386,5514,9100,8400,2195,0,950,274344,150000,1500,768,25368,0,6342,0,0,0,60,2,0,0,0,300,12,2,1,1,1,0,1,1,1,0,0,3,2,1,0,0
85958,41148,2,8021,0,3134,16026,1615,5388,0,0,0,3800,19632,4800,5400,1260,2598,0,1530,3000,0,50120,80,2,0,0,0,100,20,1,1,1,0,0,1,0,0,0,0,0,0,0,0,0
216117,113030,1,73612,60250,9440,6540,3640,7003,1716,300,720,1970,13380,1800,2000,1158,2274,14650,4854,0,7250,92250,51,11,0,6,1,28,5,0,1,0,0,0,0,0,0,0,0,4,0,0,0,0
118875,74731,0,21314,16800,7340,9621,3860,4530,15910,0,0,640,13566,7200,800,17292,2226,5500,9984,1000,7080,7080,42,3,0,0,2,24,17,1,1,1,0,0,0,0,0,0,0,1,0,0,0,0
74678,45221,0,13253,8320,8292,3884,3672,3300,450,100,0,960,10788,6000,255,3504,624,830,2244,0,0,0,30,4,2,0,1,40,5,0,1,0,0,0,0,0,0,0,0,2,0,0,0,0
76720,40909,0,15698,13248,5100,8556,560,3530,1000,455,1810,0,27660,12000,65,3060,540,0,1236,2000,0,31950,51,2,0,0,0,33,26,2,1,1,1,1,1,1,0,0,0,1,0,1,0,1
510096,162592,0,17984,9912,33845,26870,12152,12204,24950,420,0,14739,52080,27000,1902,13128,3570,26500,18768,32680,13240,89856,62,4,0,1,2,100,23,3,1,4,1,0,2,2,1,1,0,3,2,1,0,1
133406,78179,0,38781,35088,1450,3602,1120,2078,10266,4878,7240,520,20454,12000,4316,2988,2838,750,16308,8828,0,0,59,10,2,2,4,25,31,1,1,1,1,0,0,0,0,0,0,4,0,0,0,0
74084,28100,1,13711,0,1150,5582,605,2545,900,250,900,2840,12240,6000,400,720,744,410,2010,550,0,44831,46,5,0,3,0,15,35,0,0,0,0,0,0,0,0,0,0,1,0,0,0,0
179450,53588,0,13411,7774,10264,7353,1058,4846,4507,0,0,4005,21510,11400,400,4416,2292,1000,13224,7500,0,38400,30,4,1,1,1,25,16,1,1,1,1,0,1,0,0,0,0,2,0,0,0,0
136027,134386,0,28740,20400,28678,6754,2050,3460,40020,0,0,2400,87900,60000,355,17904,21360,38600,15900,9400,0,0,36,4,0,2,1,200,30,3,1,0,0,0,0,0,0,0,0,0,0,0,0,0
107489,58206,0,30311,25238,6280,5952,2251,4811,1450,0,15023,1300,17760,9000,120,2100,2160,0,5616,1200,0,44740,53,3,0,0,1,30,25,2,1,1,0,0,0,1,0,0,0,2,0,0,0,1
670190,136199,0,24954,14310,26504,14566,4900,7394,29550,0,0,2250,139800,108000,12415,20256,12720,18100,38544,40000,0,0,72,3,0,1,1,100,29,3,1,2,1,0,1,1,1,1,1,2,1,1,0,0
178096,106213,0,25912,17184,22852,10750,2729,4189,8760,0,4344,6000,38100,21000,9230,7722,6222,0,17178,0,0,121096,56,5,1,2,0,50,56,2,1,1,0,0,0,0,0,0,0,2,1,0,0,0
428066,148947,2,18464,13756,6320,4720,2660,4773,46250,255,2097,2575,49236,0,6143,23028,17850,0,30276,3470,0,0,57,6,2,0,2,5,8,2,1,1,0,0,0,0,0,0,0,3,1,1,0,0
1038640,268048,0,15812,10280,65634,23820,7950,10233,122650,3656,7240,37765,132108,78000,12088,74334,28248,13300,107940,17500,0,0,74,4,0,1,3,200,50,4,1,2,2,2,2,2,2,2,0,6,2,1,0,1
33561,23589,0,9130,8183,75,3296,378,815,6820,0,572,200,6060,4200,146,120,0,0,270,0,412,412,72,1,0,0,0,60,35,2,1,0,0,0,0,0,0,0,0,0,0,0,0,0
367130,74297,0,11978,9360,462,3642,2635,1290,46800,0,0,1345,61320,18000,2640,5358,408,18530,4674,0,0,242207,49,3,0,1,0,22,10,1,1,2,0,0,0,0,0,0,0,1,0,0,0,0
68071,33841,0,14941,1100,1800,3940,832,6352,0,75,0,990,7854,4800,60,2280,450,0,3126,0,21931,21931,65,2,0,0,0,45,17,2,1,1,0,0,0,0,0,0,0,0,0,0,0,0
196698,98362,2,18135,9360,14375,7281,1564,4960,22088,0,0,1890,25164,12000,2795,23166,2160,3375,14916,3000,0,0,32,5,1,2,1,45,25,2,1,1,0,0,1,1,0,0,0,2,0,0,0,0
77365,54957,1,25683,22200,4118,8974,925,6050,0,1120,5960,240,10140,7800,60,11640,312,300,6018,0,0,0,35,6,1,3,1,17,2,1,1,1,1,0,0,0,0,0,0,2,0,0,0,0
230427,88979,0,22031,17256,6920,7770,2780,5975,30046,1320,9050,3145,29700,12000,8686,14106,1512,16030,16824,12500,12800,12800,66,4,0,1,3,80,17,2,1,0,0,0,1,0,0,0,0,1,0,0,0,0
865014,209252,0,29234,15106,34988,19874,12398,6078,73100,2730,156,25630,65100,27000,7980,55830,29580,95600,58074,110000,0,0,47,6,1,0,3,45,19,3,1,1,1,0,1,1,2,1,1,6,3,0,0,1
339825,103643,0,29478,24830,4598,17008,2680,7155,3840,8585,650,6390,42234,21000,3634,20142,4548,4800,19194,2800,0,132992,58,8,1,2,2,66,15,2,1,1,1,0,1,0,0,0,0,3,0,0,0,2
121512,55690,1,19625,18148,3590,15378,477,2779,5370,1742,0,1870,10356,5400,0,2898,792,11058,4974,0,0,92850,56,5,0,1,0,17,3,2,1,1,1,0,0,0,0,0,0,2,0,0,1,0
184550,104379,0,37639,22349,1361,12465,1933,13326,23120,140,3620,3665,28770,18000,1186,10602,1170,1523,8454,600,0,0,44,6,0,4,2,20,15,1,1,0,0,0,0,0,0,0,0,2,0,1,0,0
125548,95192,0,18370,14445,9683,15525,1686,17765,3533,0,0,606,29484,15000,870,9222,1044,6550,3990,300,0,110258,45,3,0,0,0,320,7,2,1,1,1,0,1,0,0,1,0,1,0,0,0,0
135253,66182,1,31463,19300,5060,11832,1270,3981,5412,680,2080,2300,7116,4200,171,900,192,3715,22710,5250,0,0,44,4,0,2,2,42,9,2,0,0,0,0,0,0,0,0,0,0,0,0,0,0
52429,38882,0,16274,13890,740,8997,1475,1381,4920,0,120,1745,10350,6000,295,2136,0,1000,2058,0,0,0,71,3,0,2,0,24,16,1,1,0,0,0,0,0,0,0,0,0,0,0,0,0
220459,85241,0,33452,25100,11683,3670,2437,6530,500,3528,0,11130,41124,24000,4699,10488,2940,4960,19002,12000,0,37554,55,7,2,0,1,80,3,3,1,1,1,0,1,1,0,0,0,4,0,1,0,1
54804,28594,0,14630,14480,600,3300,230,2285,3620,0,0,120,11922,9000,520,6504,516,0,1464,0,0,5400,74,3,0,0,1,41,23,2,1,0,1,0,1,0,0,0,0,1,0,0,0,1
166115,61894,0,21098,13666,960,19783,3033,7495,120,0,0,927,67956,60000,1451,654,1950,485,5406,3645,0,75606,49,3,0,1,0,54,7,2,1,0,0,0,0,0,0,0,0,1,0,0,0,0
176480,80113,0,20762,15860,15504,11099,1630,3306,16380,0,0,1565,28800,21000,210,12576,2838,510,11322,3950,0,0,79,6,1,1,3,60,35,2,1,1,0,0,0,1,0,0,0,3,0,0,0,0
222781,51452,0,15823,6630,3933,2274,4858,1770,8905,1014,0,3717,51144,30000,30309,6990,7560,750,4044,0,0,59802,63,3,0,1,1,30,33,1,1,1,1,0,1,1,0,0,0,1,1,0,0,0
821463,170860,2,28660,11744,56108,10359,1622,3488,43300,0,0,9314,179070,120000,73143,56160,41502,0,55398,9000,0,0,68,4,0,4,2,240,36,3,1,3,2,1,1,1,1,1,0,5,3,0,0,1
261366,89048,0,24659,18040,15111,4784,1610,2900,28360,3004,14480,4450,62670,30000,2985,15378,2028,3230,10860,0,0,41600,35,5,0,2,1,120,16,4,1,3,1,0,1,1,1,0,0,2,0,0,0,0
160685,81331,1,30910,250,5966,10816,4080,7485,3770,2050,1810,2390,12930,5400,1150,6906,834,4310,5982,3200,93742,95905,86,8,1,3,0,42,9,2,1,1,0,0,0,0,0,0,0,1,0,0,0,0
166220,73122,0,28004,13560,14200,12346,584,2863,3900,420,1685,4060,21120,15000,960,7404,1968,7820,8310,13000,0,37600,48,7,1,2,0,100,15,2,1,1,1,0,0,0,0,0,0,3,1,0,0,0
134170,65688,0,26825,23594,6166,7901,610,2945,7800,90,60,1370,12780,4800,109,4206,1038,90,11610,300,0,0,31,9,3,4,1,20,11,0,1,1,0,0,0,0,0,0,0,2,0,0,0,0
161108,70290,1,27800,26820,2850,16104,2205,5671,5800,780,0,3194,12048,4800,1055,5160,870,1490,10524,430,8627,40227,49,7,0,4,2,42,6,2,1,1,1,0,0,0,0,0,0,2,0,0,0,0
404402,177665,0,30923,18824,17326,17614,2025,6588,66710,0,0,4740,56154,0,2845,48384,13026,1179,36336,0,0,0,59,6,0,3,2,60,23,2,1,1,0,0,0,0,0,0,0,2,0,0,0,1
447575,185994,2,54640,45974,46066,23320,3138,5598,19325,1924,29684,710,88224,36000,490,540,4254,2350,11526,8000,0,174755,65,18,1,1,2,60,25,3,1,2,1,0,1,1,0,0,0,6,0,1,0,0
313118,120198,0,27998,15425,41599,13046,5003,8194,5100,0,0,2860,61830,33000,1165,3378,1926,180,7764,5000,0,234568,45,2,0,1,0,52,1,2,1,1,0,0,1,1,0,0,0,1,0,0,0,0
143552,94463,0,35502,28316,11461,16916,860,3575,2400,2990,1800,3777,18138,9000,720,8736,2040,2600,7380,3500,0,43312,56,7,0,2,0,7,34,2,1,1,0,1,1,1,0,0,0,2,0,1,0,0
567794,184462,0,34961,15360,38029,15570,14308,7672,37038,0,0,15470,58704,0,4908,108114,16350,43780,26652,4000,0,0,38,7,1,4,0,20,1,1,1,1,0,0,1,1,0,1,0,3,0,0,0,1
243200,117961,0,47532,33847,10982,28041,1374,4175,3950,156,6154,2480,23256,9000,354,1314,1038,1900,10596,1500,0,0,58,6,1,2,5,15,30,3,1,1,1,0,0,0,0,0,0,5,0,0,0,0
197178,87302,0,29404,21612,11744,13625,3310,4430,6127,962,1040,2680,45024,22200,2578,10260,1896,750,16608,1800,97400,141280,42,6,0,3,0,50,43,2,1,1,1,0,1,1,0,0,0,3,1,1,0,1
169676,47044,0,6838,2496,870,2090,3418,4793,22370,360,0,1309,29982,18000,2245,3594,1218,0,2970,0,0,42406,70,2,0,0,1,200,30,3,1,0,0,0,1,0,0,0,0,2,0,0,0,0
524700,130476,0,14958,12878,15783,9424,3840,6596,46000,0,0,11320,71220,54000,200533,28350,22338,52000,23634,2000,0,175400,41,5,0,3,1,100,10,3,1,2,0,1,0,1,0,0,1,2,0,0,0,0
156658,89763,0,34235,31260,5066,16542,1579,3512,8530,694,0,2289,18672,9000,1684,11976,4776,0,9786,3500,0,22744,62,6,1,0,2,54,16,2,1,1,1,0,0,0,0,0,0,4,0,0,0,0
477246,161643,0,28310,21876,15740,22441,12686,7654,52950,1602,0,6460,62250,30000,1500,28194,10416,0,28950,21000,0,0,64,4,0,0,3,30,14,2,1,1,1,1,1,1,1,0,0,4,1,1,0,1
32205,16703,1,5668,0,160,3541,735,1782,3100,75,408,720,3930,1200,10,900,0,0,186,0,0,0,72,1,0,0,1,30,16,2,0,0,0,0,0,0,0,0,0,0,0,0,0,0
174400,66718,0,13486,10010,14206,8030,6190,8910,1500,0,0,10150,59034,34200,17694,7050,1938,0,8232,3000,0,43200,62,3,0,0,1,45,35,1,1,1,1,1,1,1,0,0,0,3,2,0,0,0
210425,126634,2,31258,24616,6441,9006,3845,5891,33960,2528,815,13920,43302,3000,27653,6072,3768,3240,7938,3100,0,0,34,7,1,4,3,20,4,0,1,0,0,0,0,0,0,0,0,1,0,0,0,0
194605,118412,0,43550,33206,10817,6644,2231,5248,20700,0,780,0,28674,10800,1088,6510,900,200,6654,3700,0,121550,66,7,2,1,0,15,25,2,1,1,0,0,0,0,0,0,0,2,0,0,0,0
88315,44908,0,17468,14820,5057,7670,370,3586,1002,40,3801,2392,11262,5400,0,6900,216,580,8178,1720,0,430,29,3,0,1,1,12,7,1,1,1,0,0,0,0,0,0,0,0,0,0,0,1
207879,69656,0,18698,16900,8480,12922,2250,2972,9310,3250,0,3810,52974,36000,20930,9570,1320,555,12120,0,0,61200,57,3,0,1,0,90,17,2,1,1,0,0,0,1,0,0,0,3,1,0,0,0
98170,44430,0,19382,16700,2962,5972,850,1690,3440,980,2020,10409,19200,7500,96,2496,1560,0,10248,0,0,0,45,2,0,0,2,80,32,1,1,1,1,0,0,1,0,0,0,2,0,0,0,0
94817,39410,0,16231,15018,4161,6322,2940,6240,0,0,0,6985,18030,9600,335,14076,2250,9780,3708,1000,12040,12040,47,5,0,1,1,28,17,2,1,1,0,0,0,0,0,0,0,1,0,0,1,0
33023,15398,1,7379,0,1506,1180,424,2212,180,270,830,280,5250,3000,0,1590,0,0,1440,0,17400,17400,64,1,0,0,1,26,15,1,1,0,0,0,0,0,0,0,0,0,0,0,0,0
157660,60891,0,22480,15600,570,21009,3556,3371,0,0,3016,1360,16500,12600,87,4740,1560,710,6654,0,0,135000,31,4,1,2,0,40,11,1,0,0,0,0,0,0,0,0,1,1,0,0,0,0
149872,66078,0,15194,13880,8014,15860,1010,3195,8503,0,0,3055,37740,24000,210,5880,1500,2800,7806,3050,0,0,63,6,0,3,2,60,1,2,1,1,0,0,0,1,0,0,0,4,0,0,0,0
109428,54897,0,22346,19146,10386,7363,2480,5870,0,0,780,1280,8400,3000,100,1140,582,0,3240,1000,33548,33548,69,3,1,0,2,24,2,1,1,0,0,0,0,0,0,0,0,1,0,0,0,0
502203,217431,0,47808,20162,27600,26890,3950,13010,46550,4030,4525,6050,100320,36000,4076,21798,32094,6700,49038,16500,0,108604,47,10,3,0,3,42,85,4,1,3,2,0,1,1,1,0,1,6,1,0,0,1
749388,193738,0,33874,26400,20340,12434,5280,7772,61963,40250,15385,22310,56640,36000,1524,48336,17994,7000,21546,5200,0,0,57,6,0,0,5,80,55,2,1,1,1,0,1,1,0,1,0,6,1,0,0,2
829886,122819,0,18578,10760,15418,14606,2200,4904,35800,0,90,4710,108882,51000,601500,27186,5100,22700,23322,126000,0,0,34,4,1,1,2,60,32,2,1,1,1,0,1,1,1,0,0,3,1,0,0,0
570284,209013,0,30158,16560,28435,16829,8769,16183,59900,0,0,30050,109980,78000,8152,18840,20592,75520,19932,0,0,453742,49,6,0,4,0,70,28,3,1,2,1,0,1,1,0,1,0,1,2,0,0,0
105740,54284,1,13041,1040,2172,3310,855,2946,21835,0,0,2915,5760,2400,952,4080,480,300,2166,4000,82290,82290,53,6,1,2,0,50,15,2,1,1,0,0,0,0,0,0,0,1,0,0,0,0
252900,128684,0,29895,19180,23276,9828,2180,5239,33826,3084,0,3660,47736,6000,21790,19206,9030,5164,18510,4500,0,244900,51,6,0,3,0,24,15,0,1,1,0,0,0,0,0,0,0,4,0,0,0,1
120571,68940,1,33617,29060,4638,7044,4755,10021,0,100,0,120,13536,7200,7000,3798,0,0,3192,0,76187,86567,72,3,0,0,1,18,34,1,1,1,0,0,0,0,0,0,0,0,0,0,0,0
165491,69824,1,23693,22379,2526,8280,3608,2886,14220,1245,3620,2801,11220,2400,6585,5070,4362,0,5160,6200,0,0,22,5,1,1,3,80,16,2,0,0,0,0,0,0,0,0,0,3,0,0,0,1
162525,63566,2,27610,21692,7494,6656,1095,3327,2185,0,2896,4875,18492,4200,2685,4758,1224,7400,6804,0,0,53230,34,4,0,2,1,52,16,3,1,1,1,0,1,0,0,0,0,2,0,0,0,1
450028,88439,0,21098,18004,7660,3332,1355,1619,39690,814,0,3279,83166,60000,9680,11604,16902,43400,13014,8000,0,344400,42,4,0,2,0,84,9,4,1,1,1,1,1,1,1,0,1,2,1,1,0,2
287218,211603,0,42296,28830,22101,20354,3764,4285,75400,1350,8280,9210,31776,0,24897,36042,2334,3120,9780,11000,0,6348,53,7,1,2,2,30,25,2,1,2,3,1,1,0,0,0,0,5,2,0,0,1
98193,58439,0,20671,14661,5913,14603,1770,2797,95,550,780,3473,12828,6000,560,2802,1896,150,5364,700,27670,27670,68,3,0,1,1,35,1,2,0,0,0,0,0,0,0,0,0,1,0,0,0,0
273093,141067,2,33831,29040,13750,8720,2740,5200,45900,6878,36,10895,79740,42000,2580,1050,15240,1060,8688,18373,0,54330,72,7,2,1,2,30,30,2,1,2,0,0,0,0,0,0,1,5,2,0,0,0
445212,146872,0,53535,41080,23805,12794,1415,2583,31400,3277,2266,7788,36270,21000,0,44886,3768,2620,14424,0,0,127602,39,7,0,3,3,50,18,3,1,1,1,0,1,1,0,0,0,5,0,1,0,0
114792,54389,0,24288,23000,3690,3278,725,6751,7785,468,0,800,15420,6000,175,5748,492,5960,6438,0,33673,48317,40,5,0,3,2,25,10,1,1,1,0,0,0,0,0,0,0,1,0,0,0,1
455461,118235,2,20944,10010,21112,12818,3358,7836,29880,0,0,3590,48144,24000,936,32406,4590,4170,28560,977,0,75432,39,5,0,2,3,20,10,0,1,1,0,0,1,1,0,0,0,3,0,0,0,0
241416,91172,0,32565,23975,13260,11964,2848,3826,9290,1452,2540,2790,46680,18000,8729,19998,2760,350,34848,5000,0,0,74,6,0,1,2,100,12,3,1,2,0,0,1,0,0,0,0,2,1,0,0,0
174291,55406,0,25401,24884,1686,2220,135,3920,13350,1250,0,3135,13002,4800,0,5298,1248,3915,4110,4000,1220,43615,70,4,0,1,1,21,2,1,1,0,0,0,0,0,0,0,0,0,0,0,0,0
288530,148837,2,29908,14976,26912,17570,2027,10317,33280,0,0,7020,102450,78000,2105,17352,9186,10190,14718,0,0,0,35,6,1,2,0,240,9,4,1,2,1,0,1,1,1,0,1,2,0,1,0,0
427567,84868,0,20982,17706,7163,11284,2405,3369,18320,0,0,5672,60456,24000,10800,24156,8994,2230,45570,8950,0,58797,60,4,0,2,1,90,17,2,1,1,1,1,1,1,0,0,0,4,1,1,0,0
283045,71697,0,20988,14480,10879,9740,3745,5162,8495,0,0,4000,55086,30000,4155,5988,7656,45578,26700,0,0,43150,54,3,0,1,0,50,25,3,1,2,0,0,1,1,1,0,0,3,0,1,0,0
180966,112853,1,51162,42372,6140,15360,4300,6660,7563,0,15520,10635,19860,4500,1029,5760,1320,8160,7164,1775,73061,156256,46,7,0,3,0,80,20,3,1,1,0,0,0,0,0,0,0,4,0,0,0,0
396489,81813,0,30102,20600,13706,8786,1378,7396,8720,1443,7240,3050,13332,6000,266,7560,1806,10300,10326,4500,0,0,59,5,0,1,4,70,30,2,1,1,1,1,0,1,0,0,0,2,0,0,0,0
240720,41763,0,16711,13527,4830,6758,2045,4015,2490,0,0,2925,19830,12000,100436,2484,780,1415,6300,70000,31100,131000,33,4,0,1,0,18,15,1,1,1,0,0,1,0,0,0,0,2,0,0,0,0
94612,46770,0,6587,3260,2380,2046,665,625,26500,325,5180,5320,16008,9000,550,2970,3300,0,3852,0,0,0,49,1,0,0,1,70,6,1,1,1,0,0,1,1,0,0,0,1,0,1,0,0
355275,82570,0,13569,6240,11555,21490,7370,6523,2925,0,0,5275,92412,78000,24374,8892,5100,3585,6222,150,0,0,85,2,0,0,0,300,26,3,1,1,0,0,1,0,0,1,0,1,0,0,0,0
109968,40894,1,20072,14480,1670,6214,1905,2464,1280,0,0,2170,11970,6600,310,2940,780,0,7200,6200,99748,99748,28,3,0,1,0,30,5,1,1,0,0,0,0,0,0,0,0,2,0,0,0,0
256879,106028,0,28701,17527,12104,16296,5595,6145,12870,1664,0,5955,29628,24000,2219,8616,3360,890,19422,1000,0,0,42,6,1,1,3,42,15,2,1,0,0,0,0,0,0,0,0,3,0,0,0,0
81319,40123,0,12319,8760,4417,7622,1370,2653,3760,0,0,6777,15594,7800,1232,1440,546,395,5010,4600,0,0,67,5,0,2,0,11,16,1,1,1,0,0,0,0,0,0,0,1,0,0,0,0
46946,23501,0,5702,4026,5998,3862,220,3375,1070,0,0,250,9882,6000,30,822,0,0,1800,300,0,0,67,2,0,0,1,20,40,1,1,0,0,0,0,0,0,0,0,0,0,0,0,0
115560,62484,0,24620,22856,11930,10342,705,3054,6010,1040,4660,1385,27960,12000,580,3126,1032,50,4008,1700,0,0,55,6,1,1,2,60,19,2,1,1,1,0,0,0,0,0,0,1,0,0,0,0
332672,92369,0,22450,20906,15168,26274,1335,4465,9519,0,0,1790,33174,0,1022,18504,8208,1350,11796,1100,0,173172,43,3,0,0,2,22,13,1,1,1,0,0,1,0,0,0,0,3,0,0,0,2
89740,65375,1,27660,16120,2555,9724,2005,7520,540,0,520,500,13980,3900,690,2400,780,1070,2694,0,75460,75460,40,7,0,5,0,65,14,0,0,0,0,0,0,0,0,0,0,1,0,0,0,0
142730,82546,1,21570,18580,16376,11136,5480,7155,9040,0,0,1795,9480,4800,89,7518,4458,40,4980,0,0,0,35,4,0,2,1,20,14,0,1,1,0,0,0,0,0,0,0,1,0,0,0,0
87548,45974,1,10958,9282,6061,5633,585,11945,2715,222,1560,345,9528,4800,952,2100,270,1283,1920,500,33155,33155,48,4,0,2,0,30,9,0,0,0,0,0,0,0,0,0,0,2,0,0,0,0
156464,50069,1,16757,13898,2836,6928,1747,6465,6335,2896,0,2210,19836,6000,50,2856,1698,4240,6864,5114,121532,129832,44,6,0,3,0,10,20,2,1,1,1,0,0,0,0,0,0,1,0,0,0,0
124604,73499,0,16593,14664,8009,4442,9686,2577,17790,0,0,1153,11940,6000,148,6606,360,415,4926,1550,0,111906,35,3,0,1,0,11,2,0,0,0,0,0,0,0,0,0,0,1,0,0,0,0
117622,73081,0,37473,32761,13300,4360,2628,6423,160,2912,3528,3185,14754,4800,180,2160,3060,1645,4140,10450,0,0,70,10,0,6,2,30,2,2,1,0,0,0,0,0,0,0,0,3,0,0,0,0
521990,206020,0,55784,31555,16068,22622,9780,10006,38216,735,0,15511,149628,90000,89110,15192,27588,76972,15984,31300,0,0,42,7,1,1,1,300,15,3,1,2,1,1,1,1,3,0,1,6,2,1,0,2
310460,97906,1,32474,24150,9080,12900,3300,7367,9050,360,1448,2220,28608,15000,0,9000,1080,1465,8106,0,0,188640,34,5,1,2,1,26,1,2,1,1,1,1,0,0,0,0,0,1,0,0,1,0
289232,130520,0,29974,20634,17048,15108,1150,4388,17540,5070,0,3044,50472,0,1884,15834,2340,870,17538,1800,0,91520,35,6,2,2,1,35,17,1,1,1,1,0,1,1,0,0,0,2,0,0,0,1
432510,208695,2,14744,9100,21360,8832,3247,4854,69883,910,5068,11458,48360,36000,24490,55908,14310,0,36768,12000,0,500,53,5,2,0,2,80,5,2,1,1,1,0,1,0,0,0,0,3,2,0,0,0
163702,66057,0,21030,14560,6465,10892,1725,3989,4202,1500,0,1730,16512,12000,4949,4122,13440,0,6258,3100,0,0,76,2,0,0,1,60,55,3,1,0,0,0,0,0,0,0,0,1,0,0,0,0
56106,29421,0,16272,13000,1323,3571,330,1360,80,0,1810,2250,8262,3600,215,1920,0,0,3270,0,0,11600,49,4,2,0,1,90,24,4,1,0,0,0,1,0,0,0,0,0,0,0,0,0
69978,28860,0,15614,13990,2473,2677,580,2110,1320,0,0,475,10230,6000,250,1164,660,0,1416,3052,0,10290,77,2,0,0,1,44,30,2,1,1,0,0,0,0,0,0,0,1,0,0,0,0
451700,190805,0,17708,10816,18300,8570,5150,4440,41300,0,3744,8710,87300,0,3726,11838,2700,15200,50730,5000,0,0,42,4,1,1,1,25,47,0,1,1,1,0,1,1,0,0,0,2,1,0,0,0
112198,56710,0,20390,14794,4734,2279,370,1760,19570,0,0,2950,16536,6000,650,8076,1122,2040,13188,3000,0,36000,26,5,2,1,1,15,21,0,1,1,0,0,0,1,0,0,0,2,0,0,0,0
154495,70299,0,21148,10640,9358,10066,1745,3604,9750,0,0,2150,23820,9000,300,8064,936,540,4512,1000,0,0,32,3,1,1,1,40,5,1,1,1,0,0,0,1,0,0,1,1,0,1,0,1
689846,216983,2,34490,17084,25861,6518,2082,4326,84500,0,0,22755,154200,108000,6308,16254,23982,64750,60060,26000,0,0,37,5,1,2,2,130,59,3,1,1,1,1,1,1,1,0,1,2,3,0,0,0
163600,87511,2,31456,23892,11508,9613,1310,4911,19300,480,5430,5010,50400,36000,342,6594,2082,420,8880,2500,0,0,34,9,0,7,1,96,30,1,1,1,0,0,0,0,0,0,0,2,0,0,0,0
139030,68249,1,28720,26400,8890,5626,1420,3265,11100,780,3077,3095,11580,4800,765,7782,360,100,5376,700,76840,76840,47,6,1,3,0,40,39,0,1,0,0,0,0,0,0,0,0,0,0,0,0,0
138945,82293,1,31526,26400,1506,35211,470,4293,0,220,5550,2730,5124,1800,5616,828,24,10215,3426,0,0,101770,35,7,1,4,0,26,7,2,0,0,0,0,0,0,0,0,0,1,0,0,0,0
179493,58479,1,11847,8220,14508,11502,1168,3345,2220,11190,2715,2940,9240,6000,346,1200,540,0,5466,500,0,0,28,4,2,0,2,64,17,1,1,0,0,0,0,0,0,0,0,0,0,0,0,0
317210,125968,2,24147,11700,14509,6607,1500,2728,43452,0,0,5844,64278,0,3504,24822,5862,0,40980,9050,0,0,25,3,1,0,2,25,31,1,1,1,1,0,1,1,0,0,0,2,1,0,0,0
707600,195567,2,33655,15900,29526,13956,5318,15248,58650,0,0,8970,199170,150000,12978,13086,40500,140500,50496,12394,0,0,44,4,0,1,0,100,9,3,1,1,0,1,1,1,0,0,1,4,3,0,0,0
108297,58529,1,16905,10712,2640,11042,1970,5582,15140,10,696,1065,12210,6000,0,1926,1338,2610,6294,12200,5000,5000,56,4,0,1,2,24,11,1,1,0,0,0,1,0,0,0,0,2,0,0,0,1
162006,68107,0,24299,20910,12850,11764,2080,5213,0,120,0,1000,57498,36000,1239,2184,1110,0,6042,3850,0,2700,61,6,1,0,0,18,38,2,1,1,0,0,1,0,0,0,0,4,0,0,0,0
404370,123975,0,18498,9450,10752,7518,13658,19582,37570,0,0,44486,149280,120000,4038,67404,31428,46100,14574,3000,0,0,59,3,0,0,1,100,25,3,1,0,0,1,1,1,0,0,1,3,4,0,0,0
351044,155530,2,42878,25350,28600,14113,4290,9918,21065,910,6210,3700,55860,18000,2690,16092,2202,0,11484,1911,0,153654,52,6,1,1,1,28,5,0,1,1,1,0,0,1,1,0,0,3,3,1,0,0
338375,87258,0,36778,23750,11056,5488,3360,4050,12090,0,8688,1310,79476,60000,3828,14124,2466,1200,4068,1812,0,25010,50,6,0,1,3,40,26,3,1,1,0,0,1,1,0,0,0,3,1,0,0,0
351551,40909,0,12297,9255,9149,6386,1410,4665,750,1020,0,3785,63642,54000,120,2058,2130,90,5400,5000,54085,54085,58,2,0,0,1,72,32,2,1,1,1,1,1,1,0,0,0,2,0,0,0,0
202850,50859,2,12010,6240,3241,2314,1629,676,17940,345,0,5010,40284,30000,8016,4824,3498,0,6426,0,0,100950,31,1,0,0,1,50,1,3,1,0,0,0,1,1,0,0,0,1,0,0,0,0
115870,58657,0,9330,5590,9140,15177,7800,5580,0,2990,5430,200,17040,9000,9779,2304,1776,0,2292,0,0,0,45,2,0,0,2,45,55,1,1,1,0,0,0,0,0,0,0,2,0,0,0,0
